review_id,relative_path,supplied_label,model_prediction,model_confidence,review_decision,reviewer_note,review_source
E2-LQ-001,validation/crack/202dbb767c1e5e536e47ca34.jpg,crack,repaired_road,97.7%,visible_but_competing_condition,The repaired road is true,user review captured in completed_label_review.pdf
E2-LQ-002,validation/crack/0e097f69201cc20bcaa35251.jpg,crack,repaired_road,94.9%,visible_but_competing_condition,The repaired road is true,user review captured in completed_label_review.pdf
E2-LQ-003,validation/crack/4a2a204f6fbf91a82c4325ce.jpg,crack,repaired_road,89.3%,visible_but_competing_condition,The repaired road is true,user review captured in completed_label_review.pdf
E2-LQ-004,validation/crack/d4380c97a83d450e35f8ab68.jpg,crack,repaired_road,89.2%,visible_but_competing_condition,The repaired road is true,user review captured in completed_label_review.pdf
E2-LQ-005,validation/crack/b1d1db17b70ca477fe4e1630.jpg,crack,repaired_road,88.1%,visible_and_supported,"9/25/26, 6:34 PM V2-E2 label-quality review",user review captured in completed_label_review.pdf
E2-LQ-006,validation/crack/a19b48d8e7d2d00b4284ddc2.jpg,crack,repaired_road,86.2%,visible_but_competing_condition,The repaired road is true,user review captured in completed_label_review.pdf
E2-LQ-007,validation/crack/229dcb184c05cc634c0dfbe3.jpg,crack,repaired_road,83.7%,visible_but_competing_condition,The repaired road is true,user review captured in completed_label_review.pdf
E2-LQ-008,validation/crack/c5e366256681def9f8185d33.jpg,crack,pothole,81.6%,visible_and_supported,"9/25/26, 6:34 PM V2-E2 label-quality review",user review captured in completed_label_review.pdf
E2-LQ-009,validation/crack/0d1dbd758122b630e686d1f8.jpg,crack,repaired_road,79.4%,visible_but_competing_condition,The repaired road is true,user review captured in completed_label_review.pdf
E2-LQ-010,validation/crack/268f4f831139d255e7f682cb.jpg,crack,repaired_road,77.9%,visible_but_competing_condition,The repaired road is true,user review captured in completed_label_review.pdf
E2-LQ-011,validation/crack/acdb0a58d509c498311bf46e.jpg,crack,pothole,77.4%,visible_and_supported,"9/25/26, 6:34 PM V2-E2 label-quality review",user review captured in completed_label_review.pdf
E2-LQ-012,validation/crack/b9b0ea8f110dbdd674a3aa41.jpg,crack,pothole,77.4%,visible_and_supported,"9/25/26, 6:34 PM V2-E2 label-quality review",user review captured in completed_label_review.pdf
E2-LQ-013,validation/crack/658f0a6a3d2381a041196615.jpg,crack,repaired_road,76.2%,visible_and_supported,"9/25/26, 6:34 PM V2-E2 label-quality review",user review captured in completed_label_review.pdf
E2-LQ-014,validation/crack/dbab7c0fd831039ae68a3f9b.jpg,crack,unpaved_road,76.0%,visible_and_supported,"9/25/26, 6:34 PM V2-E2 label-quality review",user review captured in completed_label_review.pdf
E2-LQ-015,validation/crack/e440e090e20ac61806541065.jpg,crack,repaired_road,75.3%,visible_and_supported,"9/25/26, 6:34 PM V2-E2 label-quality review",user review captured in completed_label_review.pdf
E2-LQ-016,validation/crack/b12dad9353b271e37a7d1e98.jpg,crack,repaired_road,74.0%,visible_but_competing_condition,The repaired road is true,user review captured in completed_label_review.pdf
E2-LQ-017,validation/crack/cb57350adf8aded4395a5c57.jpg,crack,repaired_road,71.8%,visible_and_supported,I see both repaired road and crack,user review captured in completed_label_review.pdf
E2-LQ-018,validation/crack/742608d98a1b3016b0a481b3.jpg,crack,repaired_road,71.7%,visible_but_competing_condition,The repaired road is true,user review captured in completed_label_review.pdf
E2-LQ-019,validation/crack/81f02ea358571e030ed5137b.jpg,crack,pothole,70.6%,visible_and_supported,"9/25/26, 6:34 PM V2-E2 label-quality review",user review captured in completed_label_review.pdf
E2-LQ-020,validation/crack/408b4088966ee48ff0d74341.jpg,crack,repaired_road,70.5%,visible_and_supported,I see some cracks and the shadows coming from trees,user review captured in completed_label_review.pdf
E2-LQ-021,validation/crack/8dd9188d3aa0c9f2f57a9a35.jpg,crack,repaired_road,70.1%,visible_and_supported,"9/25/26, 6:34 PM V2-E2 label-quality review",user review captured in completed_label_review.pdf
E2-LQ-022,validation/crack/c3ef61e3f4ead66cb83b94a8.jpg,crack,pothole,68.9%,visible_and_supported,"9/25/26, 6:34 PM V2-E2 label-quality review",user review captured in completed_label_review.pdf
E2-LQ-023,validation/crack/ac978bc7340f1fe7fe40e4c1.jpg,crack,repaired_road,67.4%,visible_and_supported,"9/25/26, 6:34 PM V2-E2 label-quality review",user review captured in completed_label_review.pdf
E2-LQ-024,validation/crack/ed14b491a9efa14b9225c738.jpg,crack,repaired_road,66.4%,visible_and_supported,"9/25/26, 6:34 PM V2-E2 label-quality review",user review captured in completed_label_review.pdf
E2-LQ-025,validation/crack/8a24a824483073b47d53b385.jpg,crack,repaired_road,65.4%,visible_and_supported,"9/25/26, 6:34 PM V2-E2 label-quality review",user review captured in completed_label_review.pdf
E2-LQ-026,validation/crack/7b6f68db8f3fb7f85ccd1ba2.jpg,crack,pothole,64.7%,visible_and_supported,"9/25/26, 6:34 PM V2-E2 label-quality review",user review captured in completed_label_review.pdf
E2-LQ-027,validation/crack/8d13306ddc088a5f0617d267.jpg,crack,repaired_road,64.0%,visible_and_supported,"9/25/26, 6:34 PM V2-E2 label-quality review",user review captured in completed_label_review.pdf
E2-LQ-028,validation/crack/190ed3a96b52361c7e555a19.jpg,crack,repaired_road,63.8%,visible_and_supported,"9/25/26, 6:34 PM V2-E2 label-quality review",user review captured in completed_label_review.pdf
E2-LQ-029,validation/crack/6f245efe06c886897ba37535.jpg,crack,repaired_road,63.1%,visible_but_competing_condition,The repaired road is true,user review captured in completed_label_review.pdf
E2-LQ-030,validation/crack/2148f5f79ed002e4bd9e97a2.jpg,crack,repaired_road,61.8%,visible_and_supported,"9/25/26, 6:34 PM V2-E2 label-quality review",user review captured in completed_label_review.pdf
E2-LQ-031,validation/crack/f5aa4698f13c4cfd8a66b7cf.jpg,crack,repaired_road,61.7%,visible_but_competing_condition,Repaired road is true,user review captured in completed_label_review.pdf
E2-LQ-032,validation/crack/17ea015ad9a7b04b1b7e84ee.jpg,crack,pothole,61.2%,visible_and_supported,"9/25/26, 6:34 PM V2-E2 label-quality review",user review captured in completed_label_review.pdf
E2-LQ-033,validation/crack/976675ccf3be536904769c62.jpg,crack,repaired_road,61.1%,visible_but_competing_condition,Repaired road is true,user review captured in completed_label_review.pdf
E2-LQ-034,validation/crack/82298c727793a3888cbabfcf.jpg,crack,repaired_road,60.8%,visible_but_competing_condition,Repaired road is there,user review captured in completed_label_review.pdf
E2-LQ-035,validation/crack/67427fe0bd3577b8d8e6384a.jpg,crack,repaired_road,60.7%,visible_but_competing_condition,Repaired road is true,user review captured in completed_label_review.pdf
E2-LQ-036,validation/crack/b6f87fb5d75bf9786fb3d445.jpg,crack,repaired_road,60.0%,visible_and_supported,"9/25/26, 6:34 PM V2-E2 label-quality review",user review captured in completed_label_review.pdf
E2-LQ-037,validation/crack/8002f4df170449754e59f3d3.jpg,crack,pothole,59.1%,visible_and_supported,"9/25/26, 6:34 PM V2-E2 label-quality review",user review captured in completed_label_review.pdf
E2-LQ-038,validation/crack/7dcf0f90473b47f2db7af928.jpg,crack,repaired_road,58.8%,visible_but_competing_condition,I see repaired road,user review captured in completed_label_review.pdf
E2-LQ-039,validation/crack/f3b0e22a7dd2a50e5204e3de.jpg,crack,pothole,58.1%,visible_and_supported,There is manhole cover,user review captured in completed_label_review.pdf
E2-LQ-040,validation/crack/b402c15b0d78dbc23d037315.jpg,crack,repaired_road,56.9%,visible_and_supported,"9/25/26, 6:34 PM V2-E2 label-quality review",user review captured in completed_label_review.pdf
E2-LQ-041,validation/crack/2602a2fd0d938f1a4d74a0f5.jpg,crack,pothole,56.2%,visible_and_supported,"9/25/26, 6:34 PM V2-E2 label-quality review",user review captured in completed_label_review.pdf
E2-LQ-042,validation/crack/cfa4f70842a3b3886d735c49.jpg,crack,repaired_road,55.8%,visible_but_competing_condition,This is repaired road,user review captured in completed_label_review.pdf
E2-LQ-043,validation/crack/cfccf07ab692f2ce6fcd0297.jpg,crack,repaired_road,55.0%,visible_and_supported,"9/25/26, 6:34 PM V2-E2 label-quality review",user review captured in completed_label_review.pdf
E2-LQ-044,validation/crack/b48e88fc63e465beb2547f7c.jpg,crack,pothole,54.7%,visible_and_supported,"9/25/26, 6:34 PM V2-E2 label-quality review",user review captured in completed_label_review.pdf
E2-LQ-045,validation/crack/404b3495257a6aad870bf01e.jpg,crack,pothole,54.2%,visible_and_supported,"9/25/26, 6:34 PM V2-E2 label-quality review",user review captured in completed_label_review.pdf
E2-LQ-046,validation/crack/87ff931659bae03aec40f1ee.jpg,crack,repaired_road,54.1%,visible_and_supported,"9/25/26, 6:34 PM V2-E2 label-quality review",user review captured in completed_label_review.pdf
E2-LQ-047,validation/crack/a5db1f53862495c0ca664570.jpg,crack,normal_asphalt,53.9%,visible_and_supported,"9/25/26, 6:34 PM V2-E2 label-quality review",user review captured in completed_label_review.pdf
E2-LQ-048,validation/crack/35c5d104dfd6df67d2586001.jpg,crack,pothole,53.1%,visible_and_supported,"9/25/26, 6:34 PM V2-E2 label-quality review",user review captured in completed_label_review.pdf
E2-LQ-049,validation/crack/b1bf6f8497743fdc15a82bdd.jpg,crack,repaired_road,52.8%,visible_and_supported,"9/25/26, 6:34 PM V2-E2 label-quality review",user review captured in completed_label_review.pdf
E2-LQ-050,validation/crack/4374125555bab773d69ef75d.jpg,crack,normal_asphalt,52.5%,visible_and_supported,"9/25/26, 6:34 PM V2-E2 label-quality review",user review captured in completed_label_review.pdf
E2-LQ-051,validation/crack/ff376017e0d422f63eb75287.jpg,crack,repaired_road,52.3%,visible_and_supported,"9/25/26, 6:34 PM V2-E2 label-quality review",user review captured in completed_label_review.pdf
E2-LQ-052,validation/crack/ac677bb2daa1726a7aae831e.jpg,crack,pothole,52.3%,visible_and_supported,"9/25/26, 6:34 PM V2-E2 label-quality review",user review captured in completed_label_review.pdf
E2-LQ-053,validation/crack/cfb3052729b0ab233063e60a.jpg,crack,repaired_road,51.9%,visible_and_supported,"9/25/26, 6:34 PM V2-E2 label-quality review",user review captured in completed_label_review.pdf
E2-LQ-054,validation/crack/c3db03b9153c363c02b61424.jpg,crack,repaired_road,51.8%,visible_and_supported,Crack and repaired road,user review captured in completed_label_review.pdf
E2-LQ-055,validation/crack/2bce71ea3247beb8c184552f.jpg,crack,repaired_road,51.7%,visible_and_supported,"9/25/26, 6:34 PM V2-E2 label-quality review",user review captured in completed_label_review.pdf
E2-LQ-056,validation/crack/573c4b42eeef79f23f36b287.jpg,crack,repaired_road,51.6%,visible_and_supported,"9/25/26, 6:34 PM V2-E2 label-quality review",user review captured in completed_label_review.pdf
E2-LQ-057,validation/crack/c006164a65bed5c654527733.jpg,crack,normal_asphalt,51.5%,visible_and_supported,"9/25/26, 6:34 PM V2-E2 label-quality review",user review captured in completed_label_review.pdf
E2-LQ-058,validation/crack/bd83919e80a0bbe8f94fd65c.jpg,crack,repaired_road,51.4%,visible_but_competing_condition,Repaired road is more matches,user review captured in completed_label_review.pdf
E2-LQ-059,validation/crack/4d3931b6e5d7fd5fcffcb97e.jpg,crack,repaired_road,51.4%,visible_and_supported,"9/25/26, 6:34 PM V2-E2 label-quality review",user review captured in completed_label_review.pdf
E2-LQ-060,validation/crack/a8e9ca4c7b131b30e1c09be1.jpg,crack,pothole,51.1%,visible_and_supported,"9/25/26, 6:34 PM V2-E2 label-quality review",user review captured in completed_label_review.pdf
E2-LQ-061,validation/crack/dfde5da8e4b0e193b6e01a85.jpg,crack,repaired_road,51.0%,visible_and_supported,"9/25/26, 6:34 PM V2-E2 label-quality review",user review captured in completed_label_review.pdf
E2-LQ-062,validation/crack/11cbe08b871a447207e10fe3.jpg,crack,repaired_road,50.6%,visible_and_supported,"9/25/26, 6:34 PM V2-E2 label-quality review",user review captured in completed_label_review.pdf
E2-LQ-063,validation/crack/1e2136c0be0503e7c7b878b6.jpg,crack,repaired_road,50.0%,visible_but_competing_condition,This one looks like repaired road and normal asphalt,user review captured in completed_label_review.pdf
E2-LQ-064,validation/crack/e5c215d0b6d3ed6b5405911d.jpg,crack,repaired_road,50.0%,visible_and_supported,I see some cracks and repaired road,user review captured in completed_label_review.pdf
E2-LQ-065,validation/crack/c4a4688a64ec278f7cfcb78e.jpg,crack,repaired_road,49.9%,visible_and_supported,"9/25/26, 6:34 PM V2-E2 label-quality review",user review captured in completed_label_review.pdf
E2-LQ-066,validation/crack/b579cb958e289f49d6769c84.jpg,crack,pothole,49.8%,visible_and_supported,"9/25/26, 6:34 PM V2-E2 label-quality review",user review captured in completed_label_review.pdf
E2-LQ-067,validation/crack/5815f627c3d4746d1aa52841.jpg,crack,repaired_road,49.7%,visible_and_supported,"9/25/26, 6:34 PM V2-E2 label-quality review",user review captured in completed_label_review.pdf
E2-LQ-068,validation/crack/02eb24313b6f0faa25746864.jpg,crack,repaired_road,49.6%,visible_and_supported,"9/25/26, 6:34 PM V2-E2 label-quality review",user review captured in completed_label_review.pdf
E2-LQ-069,validation/crack/5c88ca38ec6fd26dc919a1c0.jpg,crack,unpaved_road,48.7%,visible_and_supported,"9/25/26, 6:34 PM V2-E2 label-quality review",user review captured in completed_label_review.pdf
E2-LQ-070,validation/crack/80ad924c241fc009203fe0a0.jpg,crack,repaired_road,47.9%,visible_and_supported,"9/25/26, 6:34 PM V2-E2 label-quality review",user review captured in completed_label_review.pdf
E2-LQ-071,validation/crack/ebc9ff3bda6965494357f5f0.jpg,crack,repaired_road,47.6%,visible_and_supported,"9/25/26, 6:34 PM V2-E2 label-quality review",user review captured in completed_label_review.pdf
E2-LQ-072,validation/crack/f2dcd056a0eab2eee4f23653.jpg,crack,repaired_road,47.6%,visible_and_supported,"9/25/26, 6:34 PM V2-E2 label-quality review",user review captured in completed_label_review.pdf
E2-LQ-073,validation/crack/009a622f67e0b3c73f18613d.jpg,crack,repaired_road,47.5%,visible_and_supported,"9/25/26, 6:34 PM V2-E2 label-quality review",user review captured in completed_label_review.pdf
E2-LQ-074,validation/crack/bb4349c93f5d45afc3f0713b.jpg,crack,unpaved_road,47.2%,visible_and_supported,"9/25/26, 6:34 PM V2-E2 label-quality review",user review captured in completed_label_review.pdf
E2-LQ-075,validation/crack/f434a95736427f8af5e78938.jpg,crack,pothole,46.7%,visible_and_supported,in the center it is manhole cover not pothole,user review captured in completed_label_review.pdf
E2-LQ-076,validation/crack/339977f669b91c03e0b60b38.jpg,crack,speed_bump,46.5%,visible_and_supported,"9/25/26, 6:34 PM V2-E2 label-quality review",user review captured in completed_label_review.pdf
E2-LQ-077,validation/crack/6ffb4bab82fb54ba1d496ee4.jpg,crack,repaired_road,45.8%,visible_and_supported,"9/25/26, 6:34 PM V2-E2 label-quality review",user review captured in completed_label_review.pdf
E2-LQ-078,validation/crack/f5da1f249f5e110796dee9be.jpg,crack,repaired_road,44.0%,visible_but_competing_condition,This is repaired road,user review captured in completed_label_review.pdf
E2-LQ-079,validation/crack/5230f0a16d2d9f6a73eb27be.jpg,crack,repaired_road,42.8%,visible_but_competing_condition,This is repaired road in half and normal asphalt,user review captured in completed_label_review.pdf
E2-LQ-080,validation/crack/a2625fdba6d282946b1f79fa.jpg,crack,normal_asphalt,40.0%,visible_and_supported,"9/25/26, 6:34 PM V2-E2 label-quality review",user review captured in completed_label_review.pdf
E2-LQ-081,validation/crack/2aff54336e9b46fe42767cdf.jpg,crack,normal_asphalt,34.5%,visible_and_supported,"9/25/26, 6:34 PM V2-E2 label-quality review",user review captured in completed_label_review.pdf
E2-LQ-082,validation/pothole/692628d51be96b2d3db4199d.jpg,pothole,crack,95.3%,visible_and_supported,"9/25/26, 6:34 PM V2-E2 label-quality review",user review captured in completed_label_review.pdf
E2-LQ-083,validation/pothole/c8e94198d35a9ad1de8943ba.jpg,pothole,crack,95.2%,visible_and_supported,"9/25/26, 6:34 PM V2-E2 label-quality review",user review captured in completed_label_review.pdf
E2-LQ-084,validation/pothole/499ac252b853caefb77dbd68.jpg,pothole,crack,93.8%,visible_and_supported,"9/25/26, 6:34 PM V2-E2 label-quality review",user review captured in completed_label_review.pdf
E2-LQ-085,validation/pothole/6ff0d4ccf16be44873c5628a.jpg,pothole,crack,92.0%,visible_and_supported,The shadow on surface reflects as crack,user review captured in completed_label_review.pdf
E2-LQ-086,validation/pothole/907197bc1181b8a723f53ce0.jpg,pothole,normal_asphalt,91.5%,visible_and_supported,"9/25/26, 6:34 PM V2-E2 label-quality review",user review captured in completed_label_review.pdf
E2-LQ-087,validation/pothole/06b46ae7b82579b59d06be10.jpg,pothole,crack,91.1%,visible_and_supported,"9/25/26, 6:34 PM V2-E2 label-quality review",user review captured in completed_label_review.pdf
E2-LQ-088,validation/pothole/a583efaaea37c49074f64bd6.jpg,pothole,repaired_road,91.0%,visible_but_competing_condition,Tiny pattern looks like pothole and in fact there is repaired road part in the image,user review captured in completed_label_review.pdf
E2-LQ-089,validation/pothole/fb8372c121cfa1a8c123b484.jpg,pothole,crack,90.0%,visible_and_supported,Crack and pothole are there,user review captured in completed_label_review.pdf
E2-LQ-090,validation/pothole/ca538026abf4772cff661f99.jpg,pothole,repaired_road,89.2%,visible_but_competing_condition,This is repaired road,user review captured in completed_label_review.pdf
E2-LQ-091,validation/pothole/59516af492c6bc0d63568657.jpg,pothole,crack,88.6%,visible_but_competing_condition,I would mark that as crack and we have shadows on the surface not potholes,user review captured in completed_label_review.pdf
E2-LQ-092,validation/pothole/d43788d6f2cca2707972ff2b.jpg,pothole,crack,87.5%,visible_and_supported,"9/25/26, 6:34 PM V2-E2 label-quality review",user review captured in completed_label_review.pdf
E2-LQ-093,validation/pothole/c28b4e5803134d1f336c1565.jpg,pothole,crack,87.3%,visible_and_supported,"9/25/26, 6:34 PM V2-E2 label-quality review",user review captured in completed_label_review.pdf
E2-LQ-094,validation/pothole/55413e39339c4f30d2f8d083.jpg,pothole,unpaved_road,87.2%,visible_and_supported,"9/25/26, 6:34 PM V2-E2 label-quality review",user review captured in completed_label_review.pdf
E2-LQ-095,validation/pothole/bacf71e80a84a70a08d0cd22.jpg,pothole,crack,85.9%,visible_and_supported,"9/25/26, 6:34 PM V2-E2 label-quality review",user review captured in completed_label_review.pdf
E2-LQ-096,validation/pothole/3f40c2592097c34d42ad53c1.jpg,pothole,crack,85.7%,visible_and_supported,pothole is there but the shadow is accepted as crack,user review captured in completed_label_review.pdf
E2-LQ-097,validation/pothole/64ce720fc4035fc3bd191f29.jpg,pothole,repaired_road,84.7%,not_visible_at_image_level,"9/25/26, 6:34 PM V2-E2 label-quality review",user review captured in completed_label_review.pdf
E2-LQ-098,validation/pothole/8a13f5e1d5a618b70bac61db.jpg,pothole,crack,84.6%,visible_and_supported,"9/25/26, 6:34 PM V2-E2 label-quality review",user review captured in completed_label_review.pdf
E2-LQ-099,validation/pothole/28d95a80d83b8af6ff88c42f.jpg,pothole,crack,84.5%,visible_and_supported,Crack and pothole are there,user review captured in completed_label_review.pdf
E2-LQ-100,validation/pothole/7f195508d1da53c23116659b.jpg,pothole,crack,84.5%,visible_and_supported,Tiny pothole and manhole cover are present,user review captured in completed_label_review.pdf
E2-LQ-101,validation/pothole/01defa08548c4d6c4bd8722b.jpg,pothole,crack,84.3%,visible_and_supported,I see small pothole and 3 manhole covers,user review captured in completed_label_review.pdf
E2-LQ-102,validation/pothole/565346d4ab7754714d935574.jpg,pothole,crack,83.2%,visible_and_supported,"9/25/26, 6:34 PM V2-E2 label-quality review",user review captured in completed_label_review.pdf
E2-LQ-103,validation/pothole/14da09eb5ee5da71adc0cb8e.jpg,pothole,crack,82.9%,visible_and_supported,it is shadow not crack and there is tiny pothole,user review captured in completed_label_review.pdf
E2-LQ-104,validation/pothole/a4be90b34fbb998b0b8c90c4.jpg,pothole,crack,81.4%,visible_and_supported,Crack and pothole are there,user review captured in completed_label_review.pdf
E2-LQ-105,validation/pothole/a8ab4a7a73d60fb5f149e7b2.jpg,pothole,crack,81.3%,visible_and_supported,Crack and pothole are there,user review captured in completed_label_review.pdf
E2-LQ-106,validation/pothole/b41ce898586be034eb0ff7cf.jpg,pothole,crack,80.7%,visible_and_supported,Tiny pothole is there,user review captured in completed_label_review.pdf
E2-LQ-107,validation/pothole/0c4c4a4e2ecffd5977ddfc3f.jpg,pothole,crack,80.0%,visible_and_supported,"9/25/26, 6:34 PM V2-E2 label-quality review",user review captured in completed_label_review.pdf
E2-LQ-108,validation/pothole/6c747f6071240a3eff46e897.jpg,pothole,normal_asphalt,79.7%,visible_and_supported,"9/25/26, 6:34 PM V2-E2 label-quality review",user review captured in completed_label_review.pdf
E2-LQ-109,validation/pothole/e16e7b6c47240b13e2c7745f.jpg,pothole,crack,79.0%,visible_and_supported,Crack and pothole are there,user review captured in completed_label_review.pdf
E2-LQ-110,validation/pothole/ca944f535762a8a08c760265.jpg,pothole,crack,76.5%,visible_but_competing_condition,I would prefer to mark this image as crack,user review captured in completed_label_review.pdf
E2-LQ-111,validation/pothole/9e02156fdc8d62aedfb0b3b1.jpg,pothole,crack,75.0%,visible_and_supported,"9/25/26, 6:34 PM V2-E2 label-quality review",user review captured in completed_label_review.pdf
E2-LQ-112,validation/pothole/330fe0452ac6958e1791b5db.jpg,pothole,crack,74.6%,not_visible_at_image_level,The crack and speed bump are present,user review captured in completed_label_review.pdf
E2-LQ-113,validation/pothole/cf353412e9cb0e04221ab5cf.jpg,pothole,repaired_road,74.4%,visible_and_supported,Crack and pothole are there,user review captured in completed_label_review.pdf
E2-LQ-114,validation/pothole/3a6240840ddcf55bfeb5bc6e.jpg,pothole,crack,73.7%,visible_and_supported,Crack and pothole are there,user review captured in completed_label_review.pdf
E2-LQ-115,validation/pothole/2269b292ba83fae45133ab85.jpg,pothole,crack,72.2%,visible_and_supported,"9/25/26, 6:34 PM V2-E2 label-quality review",user review captured in completed_label_review.pdf
E2-LQ-116,validation/pothole/8d8be02512352c106d5739f8.jpg,pothole,crack,71.8%,visible_and_supported,The pothole is very small,user review captured in completed_label_review.pdf
E2-LQ-117,validation/pothole/ce313c9a99f94be71b494fa8.jpg,pothole,crack,69.3%,visible_and_supported,"9/25/26, 6:34 PM V2-E2 label-quality review",user review captured in completed_label_review.pdf
E2-LQ-118,validation/pothole/d298f42ce5d56830a397f1cf.jpg,pothole,crack,69.3%,visible_and_supported,"9/25/26, 6:34 PM V2-E2 label-quality review",user review captured in completed_label_review.pdf
E2-LQ-119,validation/pothole/99084089fa5501195e1caf9a.jpg,pothole,crack,68.6%,visible_and_supported,The pothole is very small,user review captured in completed_label_review.pdf
E2-LQ-120,validation/pothole/afeaf6797360fb50169df2f7.jpg,pothole,crack,68.2%,visible_and_supported,The pothole is very small,user review captured in completed_label_review.pdf
E2-LQ-121,validation/pothole/023df9e764811e48e1c6d2bb.jpg,pothole,crack,66.2%,visible_and_supported,Crack and pothole are there,user review captured in completed_label_review.pdf
E2-LQ-122,validation/pothole/e5bf26cc1f82a602fab509ae.jpg,pothole,crack,65.1%,visible_and_supported,Crack and pothole are there,user review captured in completed_label_review.pdf
E2-LQ-123,validation/pothole/95858265150b960924a627c5.jpg,pothole,crack,64.0%,visible_and_supported,Crack and pothole are there,user review captured in completed_label_review.pdf
E2-LQ-124,validation/pothole/ec2a940ec258b8ce36bb8e49.jpg,pothole,crack,61.8%,visible_and_supported,Crack and pothole are there,user review captured in completed_label_review.pdf
E2-LQ-125,validation/pothole/e6b5c36a4c59235756936e74.jpg,pothole,crack,61.2%,visible_and_supported,"9/25/26, 6:34 PM V2-E2 label-quality review",user review captured in completed_label_review.pdf
E2-LQ-126,validation/pothole/203a009796e74a1f81bf733a.jpg,pothole,crack,61.2%,visible_and_supported,Crack and pothole are there,user review captured in completed_label_review.pdf
E2-LQ-127,validation/pothole/10ccf7664f9eb67aef7d3e97.jpg,pothole,crack,60.3%,visible_and_supported,"9/25/26, 6:34 PM V2-E2 label-quality review",user review captured in completed_label_review.pdf
E2-LQ-128,validation/pothole/d69e765f86ce1422f79b138d.jpg,pothole,crack,58.2%,visible_and_supported,Crack and pothole are there,user review captured in completed_label_review.pdf
E2-LQ-129,validation/pothole/671028b06b080eaf90d14267.jpg,pothole,crack,57.2%,visible_and_supported,Crack and pothole are there,user review captured in completed_label_review.pdf
E2-LQ-130,validation/pothole/838185de0599849e3eb6690b.jpg,pothole,crack,56.4%,visible_and_supported,The crack is also present,user review captured in completed_label_review.pdf
E2-LQ-131,validation/pothole/e526228c25a9317edc217ecb.jpg,pothole,crack,56.2%,visible_and_supported,Crack and pothole are present,user review captured in completed_label_review.pdf
E2-LQ-132,validation/pothole/b614a074b3f9873e22af0665.jpg,pothole,crack,56.0%,visible_but_competing_condition,Here the crack is more visible than pothole so mark this as crack,user review captured in completed_label_review.pdf
E2-LQ-133,validation/pothole/39b7676ede34f4afe37667a9.jpg,pothole,crack,55.6%,visible_and_supported,I believe that on the surface some patterns of water leakage that model accept as cracks,user review captured in completed_label_review.pdf
E2-LQ-134,validation/pothole/90b75313e3022767c12b97a6.jpg,pothole,crack,55.4%,visible_and_supported,,user review captured in completed_label_review.pdf
E2-LQ-135,validation/pothole/22c1f78b2bb2ee1f4d0ae426.jpg,pothole,crack,55.1%,visible_and_supported,Crack and pothole are there,user review captured in completed_label_review.pdf
E2-LQ-136,validation/pothole/84600f8ffc764689740f09cc.jpg,pothole,crack,55.1%,visible_and_supported,Visible pothole and also crack is present in the image,user review captured in completed_label_review.pdf
E2-LQ-137,validation/pothole/fc72363c84da73038189cff4.jpg,pothole,crack,54.4%,visible_but_competing_condition,"I see pothole and crack is visible clearly so here we have a pothole and crack. moreover there is 
manhole_cover too",user review captured in completed_label_review.pdf
E2-LQ-138,validation/pothole/945f81b5d1015397aa52853f.jpg,pothole,crack,54.4%,not_visible_at_image_level,I do not see pothole but I see repaired road,user review captured in completed_label_review.pdf
E2-LQ-139,validation/pothole/d9946efc6704cbacde8ef4c4.jpg,pothole,crack,54.2%,visible_but_competing_condition,there is pothole and crack,user review captured in completed_label_review.pdf
E2-LQ-140,validation/pothole/7d1edeacd9332f2e3d8bf84f.jpg,pothole,crack,53.4%,visible_but_competing_condition,there is pothole and crack,user review captured in completed_label_review.pdf
E2-LQ-141,validation/pothole/66a88ad134de7dde3679247e.jpg,pothole,crack,53.1%,visible_but_competing_condition,I see a pothole and some dark area which is not really recognizable that looks like repaired road,user review captured in completed_label_review.pdf
E2-LQ-142,validation/pothole/049143bb8b4da1575dcb7d0c.jpg,pothole,normal_asphalt,52.6%,visible_but_competing_condition,In the image you can see repaired part of the road and a pothole,user review captured in completed_label_review.pdf
E2-LQ-143,validation/pothole/d671b0739fb1185b2c82d1d8.jpg,pothole,repaired_road,52.0%,not_visible_at_image_level,"9/25/26, 6:34 PM V2-E2 label-quality review",user review captured in completed_label_review.pdf
E2-LQ-144,validation/pothole/f5d5cdc7b2328cb88d6160a3.jpg,pothole,crack,50.1%,visible_and_supported,"9/25/26, 6:34 PM V2-E2 label-quality review",user review captured in completed_label_review.pdf
E2-LQ-145,validation/pothole/42612b5666852144def1aaae.jpg,pothole,crack,42.9%,visible_and_supported,"9/25/26, 6:34 PM V2-E2 label-quality review",user review captured in completed_label_review.pdf
E2-LQ-146,validation/repaired_road/9b195d8c2b81a1cae3067d3a.jpg,repaired_road,crack,97.0%,visible_and_supported,"9/25/26, 6:34 PM V2-E2 label-quality review",user review captured in completed_label_review.pdf
E2-LQ-147,validation/repaired_road/57b7718db869f3916de63cec.jpg,repaired_road,crack,96.8%,visible_and_supported,"9/25/26, 6:34 PM V2-E2 label-quality review",user review captured in completed_label_review.pdf
E2-LQ-148,validation/repaired_road/36d6e4d23eaa836cdd03d32f.jpg,repaired_road,crack,96.6%,visible_and_supported,"9/25/26, 6:34 PM V2-E2 label-quality review",user review captured in completed_label_review.pdf
E2-LQ-149,validation/repaired_road/b3a668354689907add1b94a5.jpg,repaired_road,crack,94.0%,visible_and_supported,"9/25/26, 6:34 PM V2-E2 label-quality review",user review captured in completed_label_review.pdf
E2-LQ-150,validation/repaired_road/8c435bae28a5c82dfbc37d0c.jpg,repaired_road,crack,93.3%,visible_and_supported,"9/25/26, 6:34 PM V2-E2 label-quality review",user review captured in completed_label_review.pdf
E2-LQ-151,validation/repaired_road/c3e67cfddde881f42258a7d6.jpg,repaired_road,crack,93.0%,visible_and_supported,"9/25/26, 6:34 PM V2-E2 label-quality review",user review captured in completed_label_review.pdf
E2-LQ-152,validation/repaired_road/694ed491ba10532d199c91e1.jpg,repaired_road,crack,90.7%,visible_and_supported,"9/25/26, 6:34 PM V2-E2 label-quality review",user review captured in completed_label_review.pdf
E2-LQ-153,validation/repaired_road/6694a08495d9730a6df75b0c.jpg,repaired_road,crack,90.2%,not_visible_at_image_level,"9/25/26, 6:34 PM V2-E2 label-quality review",user review captured in completed_label_review.pdf
E2-LQ-154,validation/repaired_road/dd7ba383d94354c59eb19e29.jpg,repaired_road,crack,89.8%,visible_and_supported,"9/25/26, 6:34 PM V2-E2 label-quality review",user review captured in completed_label_review.pdf
E2-LQ-155,validation/repaired_road/03a8bfbccf5cb7db68033b82.jpg,repaired_road,crack,88.4%,visible_and_supported,"9/25/26, 6:34 PM V2-E2 label-quality review",user review captured in completed_label_review.pdf
E2-LQ-156,validation/repaired_road/ce763ee06eea2f6042ce490c.jpg,repaired_road,crack,88.3%,visible_and_supported,"9/25/26, 6:34 PM V2-E2 label-quality review",user review captured in completed_label_review.pdf
E2-LQ-157,validation/repaired_road/6c609cb3a6b3d0ab34622a80.jpg,repaired_road,crack,87.6%,not_visible_at_image_level,"9/25/26, 6:34 PM V2-E2 label-quality review",user review captured in completed_label_review.pdf
E2-LQ-158,validation/repaired_road/fa827eb9207ec625a9f934f3.jpg,repaired_road,crack,86.1%,visible_and_supported,"9/25/26, 6:34 PM V2-E2 label-quality review",user review captured in completed_label_review.pdf
E2-LQ-159,validation/repaired_road/2fe728c9cce3f36fdd07db24.jpg,repaired_road,crack,84.0%,visible_and_supported,"9/25/26, 6:34 PM V2-E2 label-quality review",user review captured in completed_label_review.pdf
E2-LQ-160,validation/repaired_road/dcf9b624e0202dab32c044ba.jpg,repaired_road,crack,83.8%,visible_and_supported,"9/25/26, 6:34 PM V2-E2 label-quality review",user review captured in completed_label_review.pdf
E2-LQ-161,validation/repaired_road/27a5578ed00470be3a68a7c9.jpg,repaired_road,crack,83.5%,visible_and_supported,"9/25/26, 6:34 PM V2-E2 label-quality review",user review captured in completed_label_review.pdf
E2-LQ-162,validation/repaired_road/9a83510869cd003213cc6943.jpg,repaired_road,crack,83.5%,visible_and_supported,"9/25/26, 6:34 PM V2-E2 label-quality review",user review captured in completed_label_review.pdf
E2-LQ-163,validation/repaired_road/ad39e4d3b135f23bcc353f6e.jpg,repaired_road,crack,81.4%,visible_and_supported,"9/25/26, 6:34 PM V2-E2 label-quality review",user review captured in completed_label_review.pdf
E2-LQ-164,validation/repaired_road/40abb65249ff572ea33d7624.jpg,repaired_road,crack,77.6%,not_visible_at_image_level,"9/25/26, 6:34 PM V2-E2 label-quality review",user review captured in completed_label_review.pdf
E2-LQ-165,validation/repaired_road/e2d7c58ed4df6929a7783def.jpg,repaired_road,crack,77.1%,visible_and_supported,"9/25/26, 6:34 PM V2-E2 label-quality review",user review captured in completed_label_review.pdf
E2-LQ-166,validation/repaired_road/68b06f101f68be0a027a0914.jpg,repaired_road,crack,76.4%,visible_and_supported,"9/25/26, 6:34 PM V2-E2 label-quality review",user review captured in completed_label_review.pdf
E2-LQ-167,validation/repaired_road/6c717254c38a5777b2833c82.jpg,repaired_road,crack,76.1%,not_visible_at_image_level,"9/25/26, 6:34 PM V2-E2 label-quality review",user review captured in completed_label_review.pdf
E2-LQ-168,validation/repaired_road/2256ea33811e29f65cd055aa.jpg,repaired_road,crack,75.8%,not_visible_at_image_level,"9/25/26, 6:34 PM V2-E2 label-quality review",user review captured in completed_label_review.pdf
E2-LQ-169,validation/repaired_road/2d0f8e94b6b169e7811853e9.jpg,repaired_road,crack,75.6%,visible_and_supported,"9/25/26, 6:34 PM V2-E2 label-quality review",user review captured in completed_label_review.pdf
E2-LQ-170,validation/repaired_road/682010dc7f3b1e6be39c97d6.jpg,repaired_road,crack,75.6%,visible_and_supported,"9/25/26, 6:34 PM V2-E2 label-quality review",user review captured in completed_label_review.pdf
E2-LQ-171,validation/repaired_road/15fe492f831affdfd8fd2082.jpg,repaired_road,crack,75.4%,visible_and_supported,"9/25/26, 6:34 PM V2-E2 label-quality review",user review captured in completed_label_review.pdf
E2-LQ-172,validation/repaired_road/06d963b37d4930c846ccdd93.jpg,repaired_road,crack,74.9%,not_visible_at_image_level,"9/25/26, 6:34 PM V2-E2 label-quality review",user review captured in completed_label_review.pdf
E2-LQ-173,validation/repaired_road/f142d3b6a74a2d1eea2c0998.jpg,repaired_road,crack,74.4%,visible_and_supported,"9/25/26, 6:34 PM V2-E2 label-quality review",user review captured in completed_label_review.pdf
E2-LQ-174,validation/repaired_road/e99a9c1fa326a55596e7d049.jpg,repaired_road,crack,73.5%,visible_and_supported,"9/25/26, 6:34 PM V2-E2 label-quality review",user review captured in completed_label_review.pdf
E2-LQ-175,validation/repaired_road/f92df3405552da3238569a06.jpg,repaired_road,crack,72.7%,visible_and_supported,"9/25/26, 6:34 PM V2-E2 label-quality review",user review captured in completed_label_review.pdf
E2-LQ-176,validation/repaired_road/c865c8f9978525a73a8b0050.jpg,repaired_road,crack,72.5%,visible_and_supported,"9/25/26, 6:34 PM V2-E2 label-quality review",user review captured in completed_label_review.pdf
E2-LQ-177,validation/repaired_road/40a9d11ef9aa86f6124f9f2a.jpg,repaired_road,crack,72.2%,visible_and_supported,"9/25/26, 6:34 PM V2-E2 label-quality review",user review captured in completed_label_review.pdf
E2-LQ-178,validation/repaired_road/22ad224c0c785c3f9d53d4c4.jpg,repaired_road,crack,71.7%,visible_and_supported,"9/25/26, 6:34 PM V2-E2 label-quality review",user review captured in completed_label_review.pdf
E2-LQ-179,validation/repaired_road/b9f3e9abc62f4f36f2a353d1.jpg,repaired_road,crack,71.5%,visible_and_supported,"9/25/26, 6:34 PM V2-E2 label-quality review",user review captured in completed_label_review.pdf
E2-LQ-180,validation/repaired_road/c37bc8db922fea1b19d64461.jpg,repaired_road,crack,71.2%,visible_and_supported,"9/25/26, 6:34 PM V2-E2 label-quality review",user review captured in completed_label_review.pdf
E2-LQ-181,validation/repaired_road/8de819c8f419ad0322c7e50b.jpg,repaired_road,crack,71.0%,visible_and_supported,"9/25/26, 6:34 PM V2-E2 label-quality review",user review captured in completed_label_review.pdf
E2-LQ-182,validation/repaired_road/a01027bb95b2788ba4054d68.jpg,repaired_road,crack,70.8%,visible_and_supported,"9/25/26, 6:34 PM V2-E2 label-quality review",user review captured in completed_label_review.pdf
E2-LQ-183,validation/repaired_road/457317b86b1204d5fa3aebcc.jpg,repaired_road,crack,70.1%,visible_and_supported,"9/25/26, 6:34 PM V2-E2 label-quality review",user review captured in completed_label_review.pdf
E2-LQ-184,validation/repaired_road/6285fa8fcf928d00314cdbbb.jpg,repaired_road,crack,69.9%,visible_and_supported,"9/25/26, 6:34 PM V2-E2 label-quality review",user review captured in completed_label_review.pdf
E2-LQ-185,validation/repaired_road/6062437c08cabdd29146a351.jpg,repaired_road,crack,69.7%,visible_and_supported,"9/25/26, 6:34 PM V2-E2 label-quality review",user review captured in completed_label_review.pdf
E2-LQ-186,validation/repaired_road/9533786b0dcd2763ddce7027.jpg,repaired_road,crack,69.6%,visible_and_supported,"9/25/26, 6:34 PM V2-E2 label-quality review",user review captured in completed_label_review.pdf
E2-LQ-187,validation/repaired_road/ceaebf59b706a72b729432d1.jpg,repaired_road,crack,69.1%,visible_and_supported,"9/25/26, 6:34 PM V2-E2 label-quality review",user review captured in completed_label_review.pdf
E2-LQ-188,validation/repaired_road/05ccd2423fca792d4ec0e54c.jpg,repaired_road,crack,68.8%,not_visible_at_image_level,"9/25/26, 6:34 PM V2-E2 label-quality review",user review captured in completed_label_review.pdf
E2-LQ-189,validation/repaired_road/ff0d40117d78f39f5bb02fb7.jpg,repaired_road,crack,68.5%,not_visible_at_image_level,"9/25/26, 6:34 PM V2-E2 label-quality review",user review captured in completed_label_review.pdf
E2-LQ-190,validation/repaired_road/4617bc4c0058e3e02c1a26b8.jpg,repaired_road,crack,68.1%,visible_and_supported,"9/25/26, 6:34 PM V2-E2 label-quality review",user review captured in completed_label_review.pdf
E2-LQ-191,validation/repaired_road/3f821b52d3378a647c7941bc.jpg,repaired_road,crack,67.6%,visible_and_supported,"9/25/26, 6:34 PM V2-E2 label-quality review",user review captured in completed_label_review.pdf
E2-LQ-192,validation/repaired_road/c3a5a8e24485ea68f1f2beb7.jpg,repaired_road,crack,67.5%,visible_and_supported,"9/25/26, 6:34 PM V2-E2 label-quality review",user review captured in completed_label_review.pdf
E2-LQ-193,validation/repaired_road/bfa820e3b7c24c71e38a24a4.jpg,repaired_road,crack,65.7%,visible_and_supported,"9/25/26, 6:34 PM V2-E2 label-quality review",user review captured in completed_label_review.pdf
E2-LQ-194,validation/repaired_road/92415a578aac087684611ca7.jpg,repaired_road,crack,65.3%,visible_and_supported,"9/25/26, 6:34 PM V2-E2 label-quality review",user review captured in completed_label_review.pdf
E2-LQ-195,validation/repaired_road/51c211c00096e3860179cc61.jpg,repaired_road,crack,64.1%,visible_and_supported,"9/25/26, 6:34 PM V2-E2 label-quality review",user review captured in completed_label_review.pdf
E2-LQ-196,validation/repaired_road/9954b5d865728250ad331ed0.jpg,repaired_road,pothole,63.9%,visible_and_supported,"9/25/26, 6:34 PM V2-E2 label-quality review",user review captured in completed_label_review.pdf
E2-LQ-197,validation/repaired_road/b4a73eabe40e2e00e5cd7bf7.jpg,repaired_road,crack,63.4%,visible_and_supported,"9/25/26, 6:34 PM V2-E2 label-quality review",user review captured in completed_label_review.pdf
E2-LQ-198,validation/repaired_road/5e1e44094dce7c4e4327465f.jpg,repaired_road,crack,63.2%,visible_and_supported,"9/25/26, 6:34 PM V2-E2 label-quality review",user review captured in completed_label_review.pdf
E2-LQ-199,validation/repaired_road/2a86c7bdd6cb0717db3fb5eb.jpg,repaired_road,crack,62.8%,visible_and_supported,"9/25/26, 6:34 PM V2-E2 label-quality review",user review captured in completed_label_review.pdf
E2-LQ-200,validation/repaired_road/d361fd8ed8afe69b6c02fe01.jpg,repaired_road,crack,61.8%,visible_and_supported,"9/25/26, 6:34 PM V2-E2 label-quality review",user review captured in completed_label_review.pdf
E2-LQ-201,validation/repaired_road/f3f1a991c0425308e0abeb85.jpg,repaired_road,crack,61.2%,visible_and_supported,"9/25/26, 6:34 PM V2-E2 label-quality review",user review captured in completed_label_review.pdf
E2-LQ-202,validation/repaired_road/6812aead7d86fef9bf37b5aa.jpg,repaired_road,crack,60.0%,visible_and_supported,"9/25/26, 6:34 PM V2-E2 label-quality review",user review captured in completed_label_review.pdf
E2-LQ-203,validation/repaired_road/95e0698a3591e7d11c906511.jpg,repaired_road,crack,60.0%,visible_and_supported,"9/25/26, 6:34 PM V2-E2 label-quality review",user review captured in completed_label_review.pdf
E2-LQ-204,validation/repaired_road/50e849b80b75ac562e29e4ab.jpg,repaired_road,crack,59.8%,visible_and_supported,"9/25/26, 6:34 PM V2-E2 label-quality review",user review captured in completed_label_review.pdf
E2-LQ-205,validation/repaired_road/552ff0fd5c3ce4dae2d22818.jpg,repaired_road,crack,58.8%,visible_and_supported,"9/25/26, 6:34 PM V2-E2 label-quality review",user review captured in completed_label_review.pdf
E2-LQ-206,validation/repaired_road/3de44d560d9d18a980b5db5f.jpg,repaired_road,crack,58.8%,visible_and_supported,"9/25/26, 6:34 PM V2-E2 label-quality review",user review captured in completed_label_review.pdf
E2-LQ-207,validation/repaired_road/942398aa70ec8dd793d8a616.jpg,repaired_road,crack,58.4%,visible_and_supported,"9/25/26, 6:34 PM V2-E2 label-quality review",user review captured in completed_label_review.pdf
E2-LQ-208,validation/repaired_road/6e6fb7770c7acea318cb70f8.jpg,repaired_road,crack,58.3%,visible_and_supported,"9/25/26, 6:34 PM V2-E2 label-quality review",user review captured in completed_label_review.pdf
E2-LQ-209,validation/repaired_road/bfb56f3eabcfbea3fb0bfc70.jpg,repaired_road,crack,58.3%,visible_and_supported,"9/25/26, 6:34 PM V2-E2 label-quality review",user review captured in completed_label_review.pdf
E2-LQ-210,validation/repaired_road/f150753bb1aa6e2b2a067a3d.jpg,repaired_road,crack,58.1%,visible_and_supported,"9/25/26, 6:34 PM V2-E2 label-quality review",user review captured in completed_label_review.pdf
E2-LQ-211,validation/repaired_road/8e8a6e4317e8f1fae0f93c48.jpg,repaired_road,crack,57.2%,visible_and_supported,"9/25/26, 6:34 PM V2-E2 label-quality review",user review captured in completed_label_review.pdf
E2-LQ-212,validation/repaired_road/130208ffbab10691a03453ab.jpg,repaired_road,crack,56.4%,visible_and_supported,"9/25/26, 6:34 PM V2-E2 label-quality review",user review captured in completed_label_review.pdf
E2-LQ-213,validation/repaired_road/aceecee3b63f6898b22e5885.jpg,repaired_road,crack,54.9%,visible_and_supported,"9/25/26, 6:34 PM V2-E2 label-quality review",user review captured in completed_label_review.pdf
E2-LQ-214,validation/repaired_road/58ce116da7f5e2f6132dce32.jpg,repaired_road,crack,54.8%,visible_and_supported,"9/25/26, 6:34 PM V2-E2 label-quality review",user review captured in completed_label_review.pdf
E2-LQ-215,validation/repaired_road/17e253b2bce7d3edb966f0e9.jpg,repaired_road,crack,54.7%,visible_and_supported,"9/25/26, 6:34 PM V2-E2 label-quality review",user review captured in completed_label_review.pdf
E2-LQ-216,validation/repaired_road/006a1d0367fc5a598f8f323e.jpg,repaired_road,crack,54.4%,visible_and_supported,"9/25/26, 6:34 PM V2-E2 label-quality review",user review captured in completed_label_review.pdf
E2-LQ-217,validation/repaired_road/e373104aa7c29abd9b8cc485.jpg,repaired_road,crack,54.4%,visible_and_supported,"9/25/26, 6:34 PM V2-E2 label-quality review",user review captured in completed_label_review.pdf
E2-LQ-218,validation/repaired_road/e84af548665731d40c91a206.jpg,repaired_road,crack,53.9%,visible_and_supported,"9/25/26, 6:34 PM V2-E2 label-quality review",user review captured in completed_label_review.pdf
E2-LQ-219,validation/repaired_road/f7f33631833cbeef29956794.jpg,repaired_road,crack,53.8%,visible_and_supported,"9/25/26, 6:34 PM V2-E2 label-quality review",user review captured in completed_label_review.pdf
E2-LQ-220,validation/repaired_road/d1bb3adba8f0bcf49481e56f.jpg,repaired_road,crack,53.7%,visible_and_supported,"9/25/26, 6:34 PM V2-E2 label-quality review",user review captured in completed_label_review.pdf
E2-LQ-221,validation/repaired_road/0e8533a30306aefdc70ab750.jpg,repaired_road,crack,52.2%,visible_and_supported,"9/25/26, 6:34 PM V2-E2 label-quality review",user review captured in completed_label_review.pdf
E2-LQ-222,validation/repaired_road/bf210c1070cf89b69928d9cc.jpg,repaired_road,crack,51.7%,visible_and_supported,"9/25/26, 6:34 PM V2-E2 label-quality review",user review captured in completed_label_review.pdf
E2-LQ-223,validation/repaired_road/27f7ec5fb527ee9445bb45db.jpg,repaired_road,crack,51.0%,visible_and_supported,"9/25/26, 6:34 PM V2-E2 label-quality review",user review captured in completed_label_review.pdf
E2-LQ-224,validation/repaired_road/d5f57c2591f85e02caa96a11.jpg,repaired_road,crack,50.8%,visible_and_supported,"9/25/26, 6:34 PM V2-E2 label-quality review",user review captured in completed_label_review.pdf
E2-LQ-225,validation/repaired_road/c6ef9c3df98077acd3232860.jpg,repaired_road,crack,50.8%,visible_and_supported,"9/25/26, 6:34 PM V2-E2 label-quality review",user review captured in completed_label_review.pdf
E2-LQ-226,validation/repaired_road/3e8e778836751ef4c3665fd6.jpg,repaired_road,crack,50.6%,visible_and_supported,"9/25/26, 6:34 PM V2-E2 label-quality review",user review captured in completed_label_review.pdf
E2-LQ-227,validation/repaired_road/a3a4c33d4f96b0988cf39127.jpg,repaired_road,crack,50.6%,visible_and_supported,"9/25/26, 6:34 PM V2-E2 label-quality review",user review captured in completed_label_review.pdf
E2-LQ-228,validation/repaired_road/8f962e7057331d3c3975dfbb.jpg,repaired_road,crack,50.3%,visible_and_supported,"9/25/26, 6:34 PM V2-E2 label-quality review",user review captured in completed_label_review.pdf
E2-LQ-229,validation/repaired_road/33eb89438c19c242c797f850.jpg,repaired_road,crack,50.2%,visible_and_supported,"9/25/26, 6:34 PM V2-E2 label-quality review",user review captured in completed_label_review.pdf
E2-LQ-230,validation/repaired_road/3b255af14321b20edbdd64c5.jpg,repaired_road,crack,50.0%,visible_and_supported,"9/25/26, 6:34 PM V2-E2 label-quality review",user review captured in completed_label_review.pdf
E2-LQ-231,validation/repaired_road/461bfd560dea85c340d11307.jpg,repaired_road,crack,49.3%,visible_and_supported,"9/25/26, 6:34 PM V2-E2 label-quality review",user review captured in completed_label_review.pdf
E2-LQ-232,validation/repaired_road/e1addf3a41d28d2c9deef33a.jpg,repaired_road,crack,44.3%,visible_and_supported,"9/25/26, 6:34 PM V2-E2 label-quality review",user review captured in completed_label_review.pdf
E2-LQ-233,validation/repaired_road/40a9bda590289631d461e9ea.jpg,repaired_road,crack,34.8%,visible_and_supported,"9/25/26, 6:34 PM V2-E2 label-quality review",user review captured in completed_label_review.pdf
