sample_id,size_band,region,crop_dimensions,candidate_id,source_image_id,split_group_id,materialized_image_path,preview_image_path,training_status,evidence_status,proposed_label,human_decision,reviewer_note
repaired_unique_001,small_128_191,Chaoyang,142x142,svrdd::train::0900220012200311132229399HJ_1296574800_483449500::repaired_road::000,0900220012200311132229399HJ_1296574800_483449500,svrdd::train::0900220012200311132229399HJ_1296574800_483449500,data/processed/v2/svrdd/repaired_road_candidates/repaired_road/repaired_road_5470da43ba4f65e219bbc254.jpg,data/processed/v2/svrdd/repaired_road_unique_quality_review/previews/repaired_unique_001.png,retain_source_labeled_audit_supported_candidate,source_label_supported_by_100_sample_audit,repaired_road,approve_repaired_road,
repaired_unique_002,small_128_191,Chaoyang,128x128,svrdd::train::09002200122003101132173366G_1295548300_483875100::repaired_road::002,09002200122003101132173366G_1295548300_483875100,svrdd::train::09002200122003101132173366G_1295548300_483875100,data/processed/v2/svrdd/repaired_road_candidates/repaired_road/repaired_road_1627bf4862730d6109014bc2.jpg,data/processed/v2/svrdd/repaired_road_unique_quality_review/previews/repaired_unique_002.png,retain_source_labeled_audit_supported_candidate,source_label_supported_by_100_sample_audit,repaired_road,approve_repaired_road,
repaired_unique_003,small_128_191,Chaoyang,142x142,svrdd::train::0900220012200311132231305HJ_1296577500_483452700::repaired_road::001,0900220012200311132231305HJ_1296577500_483452700,svrdd::train::0900220012200311132231305HJ_1296577500_483452700,data/processed/v2/svrdd/repaired_road_candidates/repaired_road/repaired_road_0407708ff6dfff1e1cd9d147.jpg,data/processed/v2/svrdd/repaired_road_unique_quality_review/previews/repaired_unique_003.png,retain_source_labeled_audit_supported_candidate,source_label_supported_by_100_sample_audit,repaired_road,approve_repaired_road,
repaired_unique_004,small_128_191,Chaoyang,138x138,svrdd::train::0900220012200311133901469HJ_1296780500_483695400::repaired_road::000,0900220012200311133901469HJ_1296780500_483695400,svrdd::train::0900220012200311133901469HJ_1296780500_483695400,data/processed/v2/svrdd/repaired_road_candidates/repaired_road/repaired_road_07a8c46519b3d93b4ac4583a.jpg,data/processed/v2/svrdd/repaired_road_unique_quality_review/previews/repaired_unique_004.png,retain_source_labeled_audit_supported_candidate,source_label_supported_by_100_sample_audit,repaired_road,approve_repaired_road,
repaired_unique_005,small_128_191,Dongcheng,135x135,svrdd::train::09002200121901231014507382K_1296220600_483129500::repaired_road::005,09002200121901231014507382K_1296220600_483129500,svrdd::train::09002200121901231014507382K_1296220600_483129500,data/processed/v2/svrdd/repaired_road_candidates/repaired_road/repaired_road_d73ed50295ad2134dd3e5ed3.jpg,data/processed/v2/svrdd/repaired_road_unique_quality_review/previews/repaired_unique_005.png,retain_source_labeled_audit_supported_candidate,source_label_supported_by_100_sample_audit,repaired_road,approve_repaired_road,
repaired_unique_006,small_128_191,Dongcheng,128x128,svrdd::train::09002200121901201518568702L_1295663600_482046800::repaired_road::001,09002200121901201518568702L_1295663600_482046800,svrdd::train::09002200121901201518568702L_1295663600_482046800,data/processed/v2/svrdd/repaired_road_candidates/repaired_road/repaired_road_67679186e82e6297182ba7c5.jpg,data/processed/v2/svrdd/repaired_road_unique_quality_review/previews/repaired_unique_006.png,retain_source_labeled_audit_supported_candidate,source_label_supported_by_100_sample_audit,repaired_road,approve_repaired_road,
repaired_unique_007,small_128_191,Dongcheng,190x190,svrdd::train::09002200121901201517427272L_1295754300_482055000::repaired_road::002,09002200121901201517427272L_1295754300_482055000,svrdd::train::09002200121901201517427272L_1295754300_482055000,data/processed/v2/svrdd/repaired_road_candidates/repaired_road/repaired_road_d0b49e4ec888922bd4408d44.jpg,data/processed/v2/svrdd/repaired_road_unique_quality_review/previews/repaired_unique_007.png,retain_source_labeled_audit_supported_candidate,source_label_supported_by_100_sample_audit,repaired_road,approve_repaired_road,
repaired_unique_008,small_128_191,Dongcheng,128x128,svrdd::train::09002200121901201601321632L_1296223500_483015800::repaired_road::005,09002200121901201601321632L_1296223500_483015800,svrdd::train::09002200121901201601321632L_1296223500_483015800,data/processed/v2/svrdd/repaired_road_candidates/repaired_road/repaired_road_9fe74c6dd487e7dc5e5489a1.jpg,data/processed/v2/svrdd/repaired_road_unique_quality_review/previews/repaired_unique_008.png,retain_source_labeled_audit_supported_candidate,source_label_supported_by_100_sample_audit,repaired_road,approve_repaired_road,
repaired_unique_009,small_128_191,Fengtai,128x128,svrdd::train::09002200121901261056554272Q_1296057900_482049200::repaired_road::001,09002200121901261056554272Q_1296057900_482049200,svrdd::train::09002200121901261056554272Q_1296057900_482049200,data/processed/v2/svrdd/repaired_road_candidates/repaired_road/repaired_road_599d7f6e47519e83a7a0a342.jpg,data/processed/v2/svrdd/repaired_road_unique_quality_review/previews/repaired_unique_009.png,retain_source_labeled_audit_supported_candidate,source_label_supported_by_100_sample_audit,repaired_road,approve_repaired_road,
repaired_unique_010,small_128_191,Fengtai,140x140,svrdd::train::09002200121901261032230082Q_1296228900_482042200::repaired_road::002,09002200121901261032230082Q_1296228900_482042200,svrdd::train::09002200121901261032230082Q_1296228900_482042200,data/processed/v2/svrdd/repaired_road_candidates/repaired_road/repaired_road_97bfe1de24a7af88fb9cac78.jpg,data/processed/v2/svrdd/repaired_road_unique_quality_review/previews/repaired_unique_010.png,retain_source_labeled_audit_supported_candidate,source_label_supported_by_100_sample_audit,repaired_road,approve_repaired_road,
repaired_unique_011,small_128_191,Fengtai,172x172,svrdd::train::0900220012200313103339119HG_1294931600_482285500::repaired_road::001,0900220012200313103339119HG_1294931600_482285500,svrdd::train::0900220012200313103339119HG_1294931600_482285500,data/processed/v2/svrdd/repaired_road_candidates/repaired_road/repaired_road_570e97d52c540a280231d5ca.jpg,data/processed/v2/svrdd/repaired_road_unique_quality_review/previews/repaired_unique_011.png,retain_source_labeled_audit_supported_candidate,source_label_supported_by_100_sample_audit,repaired_road,approve_repaired_road,
repaired_unique_012,small_128_191,Fengtai,128x128,svrdd::train::0900220012200313103342182HG_1294926200_482282500::repaired_road::000,0900220012200313103342182HG_1294926200_482282500,svrdd::train::0900220012200313103342182HG_1294926200_482282500,data/processed/v2/svrdd/repaired_road_candidates/repaired_road/repaired_road_cf72db3908897ee9fd2c855c.jpg,data/processed/v2/svrdd/repaired_road_unique_quality_review/previews/repaired_unique_012.png,retain_source_labeled_audit_supported_candidate,source_label_supported_by_100_sample_audit,repaired_road,approve_repaired_road,
repaired_unique_013,small_128_191,Haidian,140x140,svrdd::train::0900220012200317104524789HJ_1294598900_482427100::repaired_road::002,0900220012200317104524789HJ_1294598900_482427100,svrdd::train::0900220012200317104524789HJ_1294598900_482427100,data/processed/v2/svrdd/repaired_road_candidates/repaired_road/repaired_road_50adff7f228df27227f7ddef.jpg,data/processed/v2/svrdd/repaired_road_unique_quality_review/previews/repaired_unique_013.png,retain_source_labeled_audit_supported_candidate,source_label_supported_by_100_sample_audit,repaired_road,approve_repaired_road,
repaired_unique_014,small_128_191,Haidian,128x128,svrdd::train::01002200001307241436085015B_1293013200_484900600::repaired_road::001,01002200001307241436085015B_1293013200_484900600,svrdd::train::01002200001307241436085015B_1293013200_484900600,data/processed/v2/svrdd/repaired_road_candidates/repaired_road/repaired_road_76f616012de64eb74fcf9d4c.jpg,data/processed/v2/svrdd/repaired_road_unique_quality_review/previews/repaired_unique_014.png,retain_source_labeled_audit_supported_candidate,source_label_supported_by_100_sample_audit,repaired_road,approve_repaired_road,
repaired_unique_015,small_128_191,Haidian,185x185,svrdd::train::0900220012200318102117321HJ_1295032300_482796400::repaired_road::001,0900220012200318102117321HJ_1295032300_482796400,svrdd::train::0900220012200318102117321HJ_1295032300_482796400,data/processed/v2/svrdd/repaired_road_candidates/repaired_road/repaired_road_3057f9f9bd13f867ed987ae1.jpg,data/processed/v2/svrdd/repaired_road_unique_quality_review/previews/repaired_unique_015.png,retain_source_labeled_audit_supported_candidate,source_label_supported_by_100_sample_audit,repaired_road,approve_repaired_road,
repaired_unique_016,small_128_191,Haidian,135x135,svrdd::train::0900220012200306152615120HG_1294415100_485165300::repaired_road::000,0900220012200306152615120HG_1294415100_485165300,svrdd::train::0900220012200306152615120HG_1294415100_485165300,data/processed/v2/svrdd/repaired_road_candidates/repaired_road/repaired_road_1000b4de91edf84b7b59da9c.jpg,data/processed/v2/svrdd/repaired_road_unique_quality_review/previews/repaired_unique_016.png,retain_source_labeled_audit_supported_candidate,source_label_supported_by_100_sample_audit,repaired_road,approve_repaired_road,
repaired_unique_017,small_128_191,Xicheng,145x145,svrdd::train::09002200121902031013498282L_1295471500_482805800::repaired_road::002,09002200121902031013498282L_1295471500_482805800,svrdd::train::09002200121902031013498282L_1295471500_482805800,data/processed/v2/svrdd/repaired_road_candidates/repaired_road/repaired_road_bd191208389605697648f13e.jpg,data/processed/v2/svrdd/repaired_road_unique_quality_review/previews/repaired_unique_017.png,retain_source_labeled_audit_supported_candidate,source_label_supported_by_100_sample_audit,repaired_road,approve_repaired_road,
repaired_unique_018,small_128_191,Xicheng,130x130,svrdd::train::09002200011601101357065022L_1295690000_483453100::repaired_road::000,09002200011601101357065022L_1295690000_483453100,svrdd::train::09002200011601101357065022L_1295690000_483453100,data/processed/v2/svrdd/repaired_road_candidates/repaired_road/repaired_road_1bd590855e867da2579ef0fa.jpg,data/processed/v2/svrdd/repaired_road_unique_quality_review/previews/repaired_unique_018.png,retain_source_labeled_audit_supported_candidate,source_label_supported_by_100_sample_audit,repaired_road,approve_repaired_road,
repaired_unique_019,small_128_191,Xicheng,128x128,svrdd::train::09002200121901201352117062L_1295365900_482464300::repaired_road::003,09002200121901201352117062L_1295365900_482464300,svrdd::train::09002200121901201352117062L_1295365900_482464300,data/processed/v2/svrdd/repaired_road_candidates/repaired_road/repaired_road_97791e4e9daa7954b84e228c.jpg,data/processed/v2/svrdd/repaired_road_unique_quality_review/previews/repaired_unique_019.png,retain_source_labeled_audit_supported_candidate,source_label_supported_by_100_sample_audit,repaired_road,approve_repaired_road,
repaired_unique_020,small_128_191,Xicheng,152x152,svrdd::train::09002200121901201421291512L_1295408500_483111200::repaired_road::000,09002200121901201421291512L_1295408500_483111200,svrdd::train::09002200121901201421291512L_1295408500_483111200,data/processed/v2/svrdd/repaired_road_candidates/repaired_road/repaired_road_b591febf79fc589be826fff2.jpg,data/processed/v2/svrdd/repaired_road_unique_quality_review/previews/repaired_unique_020.png,retain_source_labeled_audit_supported_candidate,source_label_supported_by_100_sample_audit,repaired_road,approve_repaired_road,
repaired_unique_021,medium_192_383,Chaoyang,362x362,svrdd::train::0900220012200311132108375HJ_1296508500_483371500::repaired_road::000,0900220012200311132108375HJ_1296508500_483371500,svrdd::train::0900220012200311132108375HJ_1296508500_483371500,data/processed/v2/svrdd/repaired_road_candidates/repaired_road/repaired_road_0984db51d9a615f5b3919245.jpg,data/processed/v2/svrdd/repaired_road_unique_quality_review/previews/repaired_unique_021.png,retain_source_labeled_audit_supported_candidate,source_label_supported_by_100_sample_audit,repaired_road,approve_repaired_road,
repaired_unique_022,medium_192_383,Chaoyang,258x258,svrdd::train::0900220012200311132221226HJ_1296564600_483437500::repaired_road::000,0900220012200311132221226HJ_1296564600_483437500,svrdd::train::0900220012200311132221226HJ_1296564600_483437500,data/processed/v2/svrdd/repaired_road_candidates/repaired_road/repaired_road_dc04d4ca0fbd2596006ee846.jpg,data/processed/v2/svrdd/repaired_road_unique_quality_review/previews/repaired_unique_022.png,retain_source_labeled_audit_supported_candidate,source_label_supported_by_100_sample_audit,repaired_road,approve_repaired_road,
repaired_unique_023,medium_192_383,Chaoyang,218x218,svrdd::train::0900220012200311133906595HJ_1296786800_483703100::repaired_road::001,0900220012200311133906595HJ_1296786800_483703100,svrdd::train::0900220012200311133906595HJ_1296786800_483703100,data/processed/v2/svrdd/repaired_road_candidates/repaired_road/repaired_road_4a868a3a3ee1259f49bcac0a.jpg,data/processed/v2/svrdd/repaired_road_unique_quality_review/previews/repaired_unique_023.png,retain_source_labeled_audit_supported_candidate,source_label_supported_by_100_sample_audit,repaired_road,approve_repaired_road,
repaired_unique_024,medium_192_383,Chaoyang,295x295,svrdd::train::0900220012200311133956319HJ_1296847800_483776400::repaired_road::001,0900220012200311133956319HJ_1296847800_483776400,svrdd::train::0900220012200311133956319HJ_1296847800_483776400,data/processed/v2/svrdd/repaired_road_candidates/repaired_road/repaired_road_b75c89f9cefdb87829b86ea6.jpg,data/processed/v2/svrdd/repaired_road_unique_quality_review/previews/repaired_unique_024.png,retain_source_labeled_audit_supported_candidate,source_label_supported_by_100_sample_audit,repaired_road,approve_repaired_road,
repaired_unique_025,medium_192_383,Dongcheng,318x318,svrdd::train::09002200121901201538340712L_1295979500_482064000::repaired_road::000,09002200121901201538340712L_1295979500_482064000,svrdd::train::09002200121901201538340712L_1295979500_482064000,data/processed/v2/svrdd/repaired_road_candidates/repaired_road/repaired_road_86713d4f3c5d77d4102a35b7.jpg,data/processed/v2/svrdd/repaired_road_unique_quality_review/previews/repaired_unique_025.png,retain_source_labeled_audit_supported_candidate,source_label_supported_by_100_sample_audit,repaired_road,approve_repaired_road,
repaired_unique_026,medium_192_383,Dongcheng,295x295,svrdd::train::09002200121901201518596782L_1295659700_482046400::repaired_road::001,09002200121901201518596782L_1295659700_482046400,svrdd::train::09002200121901201518596782L_1295659700_482046400,data/processed/v2/svrdd/repaired_road_candidates/repaired_road/repaired_road_4a81aba2b01b8007d4a58ffd.jpg,data/processed/v2/svrdd/repaired_road_unique_quality_review/previews/repaired_unique_026.png,retain_source_labeled_audit_supported_candidate,source_label_supported_by_100_sample_audit,repaired_road,approve_repaired_road,
repaired_unique_027,medium_192_383,Dongcheng,375x375,svrdd::train::09002200121901201536354052L_1295890500_482061900::repaired_road::001,09002200121901201536354052L_1295890500_482061900,svrdd::train::09002200121901201536354052L_1295890500_482061900,data/processed/v2/svrdd/repaired_road_candidates/repaired_road/repaired_road_2bdc2b6996f6848e35a6445a.jpg,data/processed/v2/svrdd/repaired_road_unique_quality_review/previews/repaired_unique_027.png,retain_source_labeled_audit_supported_candidate,source_label_supported_by_100_sample_audit,repaired_road,approve_repaired_road,
repaired_unique_028,medium_192_383,Dongcheng,262x262,svrdd::train::09002200121901201534189772L_1295822600_482057400::repaired_road::001,09002200121901201534189772L_1295822600_482057400,svrdd::train::09002200121901201534189772L_1295822600_482057400,data/processed/v2/svrdd/repaired_road_candidates/repaired_road/repaired_road_a3980bf569e0c081e9096f67.jpg,data/processed/v2/svrdd/repaired_road_unique_quality_review/previews/repaired_unique_028.png,retain_source_labeled_audit_supported_candidate,source_label_supported_by_100_sample_audit,repaired_road,approve_repaired_road,
repaired_unique_029,medium_192_383,Fengtai,282x282,svrdd::train::09002200122003171155304687C_1295594400_482035100::repaired_road::000,09002200122003171155304687C_1295594400_482035100,svrdd::train::09002200122003171155304687C_1295594400_482035100,data/processed/v2/svrdd/repaired_road_candidates/repaired_road/repaired_road_320ada857d0f01111a23fbc4.jpg,data/processed/v2/svrdd/repaired_road_unique_quality_review/previews/repaired_unique_029.png,retain_source_labeled_audit_supported_candidate,source_label_supported_by_100_sample_audit,repaired_road,approve_repaired_road,
repaired_unique_030,medium_192_383,Fengtai,250x250,svrdd::train::09002200121901261031100032Q_1296265600_482038800::repaired_road::000,09002200121901261031100032Q_1296265600_482038800,svrdd::train::09002200121901261031100032Q_1296265600_482038800,data/processed/v2/svrdd/repaired_road_candidates/repaired_road/repaired_road_4f405cd8b4f12f8301175a50.jpg,data/processed/v2/svrdd/repaired_road_unique_quality_review/previews/repaired_unique_030.png,retain_source_labeled_audit_supported_candidate,source_label_supported_by_100_sample_audit,repaired_road,approve_repaired_road,
repaired_unique_031,medium_192_383,Fengtai,368x368,svrdd::train::09002200121901261034056962Q_1296131500_482051000::repaired_road::006,09002200121901261034056962Q_1296131500_482051000,svrdd::train::09002200121901261034056962Q_1296131500_482051000,data/processed/v2/svrdd/repaired_road_candidates/repaired_road/repaired_road_7cc27362f0364302253e1a8d.jpg,data/processed/v2/svrdd/repaired_road_unique_quality_review/previews/repaired_unique_031.png,retain_source_labeled_audit_supported_candidate,source_label_supported_by_100_sample_audit,repaired_road,approve_repaired_road,
repaired_unique_032,medium_192_383,Fengtai,380x380,svrdd::train::09002200121707081407583862I_1294527100_482020700::repaired_road::003,09002200121707081407583862I_1294527100_482020700,svrdd::train::09002200121707081407583862I_1294527100_482020700,data/processed/v2/svrdd/repaired_road_candidates/repaired_road/repaired_road_5aec16befae05b4457cb3374.jpg,data/processed/v2/svrdd/repaired_road_unique_quality_review/previews/repaired_unique_032.png,retain_source_labeled_audit_supported_candidate,source_label_supported_by_100_sample_audit,repaired_road,approve_repaired_road,
repaired_unique_033,medium_192_383,Haidian,310x310,svrdd::train::0900220012200318104007528HJ_1294749500_482811600::repaired_road::000,0900220012200318104007528HJ_1294749500_482811600,svrdd::train::0900220012200318104007528HJ_1294749500_482811600,data/processed/v2/svrdd/repaired_road_candidates/repaired_road/repaired_road_6e4369341704a9b426a0341d.jpg,data/processed/v2/svrdd/repaired_road_unique_quality_review/previews/repaired_unique_033.png,retain_source_labeled_audit_supported_candidate,source_label_supported_by_100_sample_audit,repaired_road,approve_repaired_road,
repaired_unique_034,medium_192_383,Haidian,328x328,svrdd::train::0900220012200310130512826HG_1294920500_483642600::repaired_road::003,0900220012200310130512826HG_1294920500_483642600,svrdd::train::0900220012200310130512826HG_1294920500_483642600,data/processed/v2/svrdd/repaired_road_candidates/repaired_road/repaired_road_cf5ce9e30c8e8853971f437c.jpg,data/processed/v2/svrdd/repaired_road_unique_quality_review/previews/repaired_unique_034.png,retain_source_labeled_audit_supported_candidate,source_label_supported_by_100_sample_audit,repaired_road,approve_repaired_road,
repaired_unique_035,medium_192_383,Haidian,215x215,svrdd::train::01002200001307241435272995B_1292965700_484899900::repaired_road::003,01002200001307241435272995B_1292965700_484899900,svrdd::train::01002200001307241435272995B_1292965700_484899900,data/processed/v2/svrdd/repaired_road_candidates/repaired_road/repaired_road_11524b69d54ab4a48e26bee6.jpg,data/processed/v2/svrdd/repaired_road_unique_quality_review/previews/repaired_unique_035.png,retain_source_labeled_audit_supported_candidate,source_label_supported_by_100_sample_audit,repaired_road,approve_repaired_road,
repaired_unique_036,medium_192_383,Haidian,220x220,svrdd::train::09002200121902261016190922Q_1295116500_482629600::repaired_road::002,09002200121902261016190922Q_1295116500_482629600,svrdd::train::09002200121902261016190922Q_1295116500_482629600,data/processed/v2/svrdd/repaired_road_candidates/repaired_road/repaired_road_a33356b4d429f26dbfe1c502.jpg,data/processed/v2/svrdd/repaired_road_unique_quality_review/previews/repaired_unique_036.png,retain_source_labeled_audit_supported_candidate,source_label_supported_by_100_sample_audit,repaired_road,approve_repaired_road,
repaired_unique_037,medium_192_383,Xicheng,268x268,svrdd::train::09002200121901201347194922L_1295277900_482251200::repaired_road::003,09002200121901201347194922L_1295277900_482251200,svrdd::train::09002200121901201347194922L_1295277900_482251200,data/processed/v2/svrdd/repaired_road_candidates/repaired_road/repaired_road_d5330671902dc63825e683a9.jpg,data/processed/v2/svrdd/repaired_road_unique_quality_review/previews/repaired_unique_037.png,retain_source_labeled_audit_supported_candidate,source_label_supported_by_100_sample_audit,repaired_road,approve_repaired_road,
repaired_unique_038,medium_192_383,Xicheng,252x252,svrdd::train::09002200121902031634058642L_1295511000_482808600::repaired_road::001,09002200121902031634058642L_1295511000_482808600,svrdd::train::09002200121902031634058642L_1295511000_482808600,data/processed/v2/svrdd/repaired_road_candidates/repaired_road/repaired_road_50bd9729969b967d96d8b472.jpg,data/processed/v2/svrdd/repaired_road_unique_quality_review/previews/repaired_unique_038.png,retain_source_labeled_audit_supported_candidate,source_label_supported_by_100_sample_audit,repaired_road,approve_repaired_road,
repaired_unique_039,medium_192_383,Xicheng,298x298,svrdd::train::09002200121901201351403612L_1295351200_482439000::repaired_road::000,09002200121901201351403612L_1295351200_482439000,svrdd::train::09002200121901201351403612L_1295351200_482439000,data/processed/v2/svrdd/repaired_road_candidates/repaired_road/repaired_road_26d8925fb0a9eeb1c691748a.jpg,data/processed/v2/svrdd/repaired_road_unique_quality_review/previews/repaired_unique_039.png,retain_source_labeled_audit_supported_candidate,source_label_supported_by_100_sample_audit,repaired_road,approve_repaired_road,
repaired_unique_040,medium_192_383,Xicheng,298x298,svrdd::train::09002200121901201402005812L_1295357500_482861500::repaired_road::002,09002200121901201402005812L_1295357500_482861500,svrdd::train::09002200121901201402005812L_1295357500_482861500,data/processed/v2/svrdd/repaired_road_candidates/repaired_road/repaired_road_b25482355fecd341dad974da.jpg,data/processed/v2/svrdd/repaired_road_unique_quality_review/previews/repaired_unique_040.png,retain_source_labeled_audit_supported_candidate,source_label_supported_by_100_sample_audit,repaired_road,approve_repaired_road,
repaired_unique_041,large_384_plus,Chaoyang,982x982,svrdd::train::09002200122003101132343706G_1295535400_483896400::repaired_road::000,09002200122003101132343706G_1295535400_483896400,svrdd::train::09002200122003101132343706G_1295535400_483896400,data/processed/v2/svrdd/repaired_road_candidates/repaired_road/repaired_road_db948442345a83d1f36fc802.jpg,data/processed/v2/svrdd/repaired_road_unique_quality_review/previews/repaired_unique_041.png,retain_source_labeled_audit_supported_candidate,source_label_supported_by_100_sample_audit,repaired_road,approve_repaired_road,
repaired_unique_042,large_384_plus,Chaoyang,485x485,svrdd::train::0900220012200311132224226HJ_1296568200_483441700::repaired_road::000,0900220012200311132224226HJ_1296568200_483441700,svrdd::train::0900220012200311132224226HJ_1296568200_483441700,data/processed/v2/svrdd/repaired_road_candidates/repaired_road/repaired_road_ed0798ac5fc902b8141d3c66.jpg,data/processed/v2/svrdd/repaired_road_unique_quality_review/previews/repaired_unique_042.png,retain_source_labeled_audit_supported_candidate,source_label_supported_by_100_sample_audit,repaired_road,reject_unclear,Because of shadow of bus it is not clear to detect the repaired road part
repaired_unique_043,large_384_plus,Chaoyang,1024x1024,svrdd::train::0900220012200311132157958HJ_1296537900_483406300::repaired_road::000,0900220012200311132157958HJ_1296537900_483406300,svrdd::train::0900220012200311132157958HJ_1296537900_483406300,data/processed/v2/svrdd/repaired_road_candidates/repaired_road/repaired_road_040bd094027b5e64ef209e61.jpg,data/processed/v2/svrdd/repaired_road_unique_quality_review/previews/repaired_unique_043.png,retain_source_labeled_audit_supported_candidate,source_label_supported_by_100_sample_audit,repaired_road,reject_unclear,Invisible to detect for human eye
repaired_unique_044,large_384_plus,Chaoyang,695x695,svrdd::train::01002200001308251323546815D_1296954300_483889400::repaired_road::000,01002200001308251323546815D_1296954300_483889400,svrdd::train::01002200001308251323546815D_1296954300_483889400,data/processed/v2/svrdd/repaired_road_candidates/repaired_road/repaired_road_224acad25e3b6a4b8bfea908.jpg,data/processed/v2/svrdd/repaired_road_unique_quality_review/previews/repaired_unique_044.png,retain_source_labeled_audit_supported_candidate,source_label_supported_by_100_sample_audit,repaired_road,approve_repaired_road,
repaired_unique_045,large_384_plus,Dongcheng,1024x1024,svrdd::train::09002200121901201535563582L_1295866700_482060000::repaired_road::004,09002200121901201535563582L_1295866700_482060000,svrdd::train::09002200121901201535563582L_1295866700_482060000,data/processed/v2/svrdd/repaired_road_candidates/repaired_road/repaired_road_ddace445ad7b69b96d32eb14.jpg,data/processed/v2/svrdd/repaired_road_unique_quality_review/previews/repaired_unique_045.png,retain_source_labeled_audit_supported_candidate,source_label_supported_by_100_sample_audit,repaired_road,approve_repaired_road,
repaired_unique_046,large_384_plus,Dongcheng,1024x1024,svrdd::train::09002200121901201600012722L_1296227100_482907400::repaired_road::002,09002200121901201600012722L_1296227100_482907400,svrdd::train::09002200121901201600012722L_1296227100_482907400,data/processed/v2/svrdd/repaired_road_candidates/repaired_road/repaired_road_9c7b49c08f1b73240263f6df.jpg,data/processed/v2/svrdd/repaired_road_unique_quality_review/previews/repaired_unique_046.png,retain_source_labeled_audit_supported_candidate,source_label_supported_by_100_sample_audit,repaired_road,reject_unclear,The color of asphalt prevents to detect the repaired part
repaired_unique_047,large_384_plus,Dongcheng,1024x1024,svrdd::train::09002200121901231016454992K_1296221200_483043700::repaired_road::000,09002200121901231016454992K_1296221200_483043700,svrdd::train::09002200121901231016454992K_1296221200_483043700,data/processed/v2/svrdd/repaired_road_candidates/repaired_road/repaired_road_9ed1638ae0ae284062ae7403.jpg,data/processed/v2/svrdd/repaired_road_unique_quality_review/previews/repaired_unique_047.png,retain_source_labeled_audit_supported_candidate,source_label_supported_by_100_sample_audit,repaired_road,approve_repaired_road,
repaired_unique_048,large_384_plus,Dongcheng,650x650,svrdd::train::09002200121901230925282692Q_1296369200_482367900::repaired_road::000,09002200121901230925282692Q_1296369200_482367900,svrdd::train::09002200121901230925282692Q_1296369200_482367900,data/processed/v2/svrdd/repaired_road_candidates/repaired_road/repaired_road_db66231172570cd9f410acaf.jpg,data/processed/v2/svrdd/repaired_road_unique_quality_review/previews/repaired_unique_048.png,retain_source_labeled_audit_supported_candidate,source_label_supported_by_100_sample_audit,repaired_road,reject_unclear,The color of asphalt prevents to detect the repaired part
repaired_unique_049,large_384_plus,Fengtai,1024x1024,svrdd::train::09002200121707081442110772I_1295880600_481487600::repaired_road::001,09002200121707081442110772I_1295880600_481487600,svrdd::train::09002200121707081442110772I_1295880600_481487600,data/processed/v2/svrdd/repaired_road_candidates/repaired_road/repaired_road_5a5add0090f04b0bcfa949ac.jpg,data/processed/v2/svrdd/repaired_road_unique_quality_review/previews/repaired_unique_049.png,retain_source_labeled_audit_supported_candidate,source_label_supported_by_100_sample_audit,repaired_road,approve_repaired_road,
repaired_unique_050,large_384_plus,Fengtai,1024x1024,svrdd::train::09002200121707081407105462I_1294545700_481974600::repaired_road::001,09002200121707081407105462I_1294545700_481974600,svrdd::train::09002200121707081407105462I_1294545700_481974600,data/processed/v2/svrdd/repaired_road_candidates/repaired_road/repaired_road_0aedf0f353f9528a5dcba6ab.jpg,data/processed/v2/svrdd/repaired_road_unique_quality_review/previews/repaired_unique_050.png,retain_source_labeled_audit_supported_candidate,source_label_supported_by_100_sample_audit,repaired_road,reject_unclear,The color of asphalt prevents to detect the repaired part
repaired_unique_051,large_384_plus,Fengtai,608x608,svrdd::train::09002200122003171152335007C_1295425000_482007300::repaired_road::002,09002200122003171152335007C_1295425000_482007300,svrdd::train::09002200122003171152335007C_1295425000_482007300,data/processed/v2/svrdd/repaired_road_candidates/repaired_road/repaired_road_990eb39cfd65bc5a5fc917e9.jpg,data/processed/v2/svrdd/repaired_road_unique_quality_review/previews/repaired_unique_051.png,retain_source_labeled_audit_supported_candidate,source_label_supported_by_100_sample_audit,repaired_road,reject_unclear,Invisible to detect for human eye
repaired_unique_052,large_384_plus,Fengtai,670x670,svrdd::train::09002200121707081401567622I_1294579900_481595000::repaired_road::002,09002200121707081401567622I_1294579900_481595000,svrdd::train::09002200121707081401567622I_1294579900_481595000,data/processed/v2/svrdd/repaired_road_candidates/repaired_road/repaired_road_49cc676432e3f7abe9ed2410.jpg,data/processed/v2/svrdd/repaired_road_unique_quality_review/previews/repaired_unique_052.png,retain_source_labeled_audit_supported_candidate,source_label_supported_by_100_sample_audit,repaired_road,approve_repaired_road,
repaired_unique_053,large_384_plus,Haidian,450x450,svrdd::train::09002200011601071037088197H_1294411300_484034300::repaired_road::000,09002200011601071037088197H_1294411300_484034300,svrdd::train::09002200011601071037088197H_1294411300_484034300,data/processed/v2/svrdd/repaired_road_candidates/repaired_road/repaired_road_4d9dd06afa83c923f6d4aad8.jpg,data/processed/v2/svrdd/repaired_road_unique_quality_review/previews/repaired_unique_053.png,retain_source_labeled_audit_supported_candidate,source_label_supported_by_100_sample_audit,repaired_road,approve_repaired_road,
repaired_unique_054,large_384_plus,Haidian,498x498,svrdd::train::0900220012200316143457355HJ_1294208900_482737900::repaired_road::000,0900220012200316143457355HJ_1294208900_482737900,svrdd::train::0900220012200316143457355HJ_1294208900_482737900,data/processed/v2/svrdd/repaired_road_candidates/repaired_road/repaired_road_c165bf325fbb0216381f776f.jpg,data/processed/v2/svrdd/repaired_road_unique_quality_review/previews/repaired_unique_054.png,retain_source_labeled_audit_supported_candidate,source_label_supported_by_100_sample_audit,repaired_road,approve_repaired_road,
repaired_unique_055,large_384_plus,Haidian,622x622,svrdd::train::01002200001307170921076925F_1292864800_484758000::repaired_road::000,01002200001307170921076925F_1292864800_484758000,svrdd::train::01002200001307170921076925F_1292864800_484758000,data/processed/v2/svrdd/repaired_road_candidates/repaired_road/repaired_road_94e3a7f17b6dfa7842f2f954.jpg,data/processed/v2/svrdd/repaired_road_unique_quality_review/previews/repaired_unique_055.png,retain_source_labeled_audit_supported_candidate,source_label_supported_by_100_sample_audit,repaired_road,approve_repaired_road,
repaired_unique_056,large_384_plus,Haidian,442x442,svrdd::train::09002200011601101349144292L_1295102500_483433000::repaired_road::000,09002200011601101349144292L_1295102500_483433000,svrdd::train::09002200011601101349144292L_1295102500_483433000,data/processed/v2/svrdd/repaired_road_candidates/repaired_road/repaired_road_359a2314e26c8b7f649c2bdf.jpg,data/processed/v2/svrdd/repaired_road_unique_quality_review/previews/repaired_unique_056.png,retain_source_labeled_audit_supported_candidate,source_label_supported_by_100_sample_audit,repaired_road,approve_repaired_road,
repaired_unique_057,large_384_plus,Xicheng,1024x1024,svrdd::train::09002200121901231629283412L_1295222400_482950200::repaired_road::000,09002200121901231629283412L_1295222400_482950200,svrdd::train::09002200121901231629283412L_1295222400_482950200,data/processed/v2/svrdd/repaired_road_candidates/repaired_road/repaired_road_2679e8b00fde9cba47fe7334.jpg,data/processed/v2/svrdd/repaired_road_unique_quality_review/previews/repaired_unique_057.png,retain_source_labeled_audit_supported_candidate,source_label_supported_by_100_sample_audit,repaired_road,reject_unclear,The color of asphalt prevents to detect the repaired part
repaired_unique_058,large_384_plus,Xicheng,1024x1024,svrdd::train::09002200121901251607247822L_1295446000_482048300::repaired_road::000,09002200121901251607247822L_1295446000_482048300,svrdd::train::09002200121901251607247822L_1295446000_482048300,data/processed/v2/svrdd/repaired_road_candidates/repaired_road/repaired_road_929fe4e97225f0f003502ea6.jpg,data/processed/v2/svrdd/repaired_road_unique_quality_review/previews/repaired_unique_058.png,retain_source_labeled_audit_supported_candidate,source_label_supported_by_100_sample_audit,repaired_road,reject_unclear,The color of asphalt prevents to detect the repaired part
repaired_unique_059,large_384_plus,Xicheng,1024x1024,svrdd::train::09002200121901201429011742L_1295705700_483173200::repaired_road::000,09002200121901201429011742L_1295705700_483173200,svrdd::train::09002200121901201429011742L_1295705700_483173200,data/processed/v2/svrdd/repaired_road_candidates/repaired_road/repaired_road_27ccec06ce5ddd27c98d311b.jpg,data/processed/v2/svrdd/repaired_road_unique_quality_review/previews/repaired_unique_059.png,retain_source_labeled_audit_supported_candidate,source_label_supported_by_100_sample_audit,repaired_road,reject_unclear,Invisible to detect for human eye
repaired_unique_060,large_384_plus,Xicheng,648x648,svrdd::train::09002200011601101357311892L_1295718900_483454500::repaired_road::001,09002200011601101357311892L_1295718900_483454500,svrdd::train::09002200011601101357311892L_1295718900_483454500,data/processed/v2/svrdd/repaired_road_candidates/repaired_road/repaired_road_91273b841e2ef9980ff143e6.jpg,data/processed/v2/svrdd/repaired_road_unique_quality_review/previews/repaired_unique_060.png,retain_source_labeled_audit_supported_candidate,source_label_supported_by_100_sample_audit,repaired_road,approve_repaired_road,
