candidate_id,class_label,source_dataset,source_split,source_image_id,split_group_id,region,source_image_path,materialized_image_path,target_box_xywh,crop_box_xyxy,target_box_in_crop_xywh,crop_width,crop_height,training_status,evidence_status,output_sha256,deduplication_status,duplicate_group_size,kept_candidate_id,deduplication_reason,quality_review_status,quality_review_sample_id,quality_review_decision,quality_review_note
svrdd::train::09002200121707081407105462I_1294545700_481974600::repaired_road::001,repaired_road,SVRDD_YOLO,train,09002200121707081407105462I_1294545700_481974600,svrdd::train::09002200121707081407105462I_1294545700_481974600,Fengtai,data/raw/v2/svrdd/extracted/train/images/Fengtai/09002200121707081407105462I_1294545700_481974600.jpg,data/processed/v2/svrdd/repaired_road_candidates/repaired_road/repaired_road_0aedf0f353f9528a5dcba6ab.jpg,"231.000,682.999,556.000,33.000","0,0,1024,1024","231.000,682.999,556.000,33.000",1024,1024,exclude_human_rejected_unique_quality,human_reviewed_rejected_unique_quality,798cd64b6e5f1479db928591818d7a1ffcaf4fdd55fb47c1f8800890d0f45d90,keep_unique_content,1,svrdd::train::09002200121707081407105462I_1294545700_481974600::repaired_road::001,only_crop_with_checksum,reviewed_rejected,repaired_unique_050,reject_unclear,The color of asphalt prevents to detect the repaired part
svrdd::train::09002200121901201429011742L_1295705700_483173200::repaired_road::000,repaired_road,SVRDD_YOLO,train,09002200121901201429011742L_1295705700_483173200,svrdd::train::09002200121901201429011742L_1295705700_483173200,Xicheng,data/raw/v2/svrdd/extracted/train/images/Xicheng/09002200121901201429011742L_1295705700_483173200.jpg,data/processed/v2/svrdd/repaired_road_candidates/repaired_road/repaired_road_27ccec06ce5ddd27c98d311b.jpg,"76.000,768.000,799.000,92.000","0,0,1024,1024","76.000,768.000,799.000,92.000",1024,1024,exclude_human_rejected_unique_quality,human_reviewed_rejected_unique_quality,b1caf0fe41426d4cb1c95dbad83e34c6e2332a716ce021ed925436418dd9e880,keep_unique_content,1,svrdd::train::09002200121901201429011742L_1295705700_483173200::repaired_road::000,only_crop_with_checksum,reviewed_rejected,repaired_unique_059,reject_unclear,Invisible to detect for human eye
svrdd::train::09002200121901201600012722L_1296227100_482907400::repaired_road::002,repaired_road,SVRDD_YOLO,train,09002200121901201600012722L_1296227100_482907400,svrdd::train::09002200121901201600012722L_1296227100_482907400,Dongcheng,data/raw/v2/svrdd/extracted/train/images/Dongcheng/09002200121901201600012722L_1296227100_482907400.jpg,data/processed/v2/svrdd/repaired_road_candidates/repaired_road/repaired_road_9c7b49c08f1b73240263f6df.jpg,"237.000,672.000,413.000,54.000","0,0,1024,1024","237.000,672.000,413.000,54.000",1024,1024,exclude_human_rejected_unique_quality,human_reviewed_rejected_unique_quality,2d2f84517d4ceef933a2b60a2da6c727e2d33e01f59918db5c1dc4aa0955b84d,keep_unique_content,1,svrdd::train::09002200121901201600012722L_1296227100_482907400::repaired_road::002,only_crop_with_checksum,reviewed_rejected,repaired_unique_046,reject_unclear,The color of asphalt prevents to detect the repaired part
svrdd::train::09002200121901230925282692Q_1296369200_482367900::repaired_road::000,repaired_road,SVRDD_YOLO,train,09002200121901230925282692Q_1296369200_482367900,svrdd::train::09002200121901230925282692Q_1296369200_482367900,Dongcheng,data/raw/v2/svrdd/extracted/train/images/Dongcheng/09002200121901230925282692Q_1296369200_482367900.jpg,data/processed/v2/svrdd/repaired_road_candidates/repaired_road/repaired_road_db66231172570cd9f410acaf.jpg,"1.000,663.999,260.000,56.001","0,367,650,1017","1.000,296.999,260.000,56.001",650,650,exclude_human_rejected_unique_quality,human_reviewed_rejected_unique_quality,0ae14911629f902a747a9cd28f345daca343e5aba1712d210ff023988e659282,keep_unique_content,1,svrdd::train::09002200121901230925282692Q_1296369200_482367900::repaired_road::000,only_crop_with_checksum,reviewed_rejected,repaired_unique_048,reject_unclear,The color of asphalt prevents to detect the repaired part
svrdd::train::09002200121901231629283412L_1295222400_482950200::repaired_road::000,repaired_road,SVRDD_YOLO,train,09002200121901231629283412L_1295222400_482950200,svrdd::train::09002200121901231629283412L_1295222400_482950200,Xicheng,data/raw/v2/svrdd/extracted/train/images/Xicheng/09002200121901231629283412L_1295222400_482950200.jpg,data/processed/v2/svrdd/repaired_road_candidates/repaired_road/repaired_road_2679e8b00fde9cba47fe7334.jpg,"251.000,700.000,556.000,59.000","0,0,1024,1024","251.000,700.000,556.000,59.000",1024,1024,exclude_human_rejected_unique_quality,human_reviewed_rejected_unique_quality,277e67643f4405f1ef31d73e8b169a661caa0561728412bb892de53634042bd1,keep_unique_content,1,svrdd::train::09002200121901231629283412L_1295222400_482950200::repaired_road::000,only_crop_with_checksum,reviewed_rejected,repaired_unique_057,reject_unclear,The color of asphalt prevents to detect the repaired part
svrdd::train::09002200121901251607247822L_1295446000_482048300::repaired_road::000,repaired_road,SVRDD_YOLO,train,09002200121901251607247822L_1295446000_482048300,svrdd::train::09002200121901251607247822L_1295446000_482048300,Xicheng,data/raw/v2/svrdd/extracted/train/images/Xicheng/09002200121901251607247822L_1295446000_482048300.jpg,data/processed/v2/svrdd/repaired_road_candidates/repaired_road/repaired_road_929fe4e97225f0f003502ea6.jpg,"10.000,547.000,447.000,211.000","0,0,1024,1024","10.000,547.000,447.000,211.000",1024,1024,exclude_human_rejected_unique_quality,human_reviewed_rejected_unique_quality,9f8bb791de6ead39faa76a619e0c6bb497c4506d858fbaa073303400bfb7d91f,keep_unique_content,1,svrdd::train::09002200121901251607247822L_1295446000_482048300::repaired_road::000,only_crop_with_checksum,reviewed_rejected,repaired_unique_058,reject_unclear,The color of asphalt prevents to detect the repaired part
svrdd::train::0900220012200311132157958HJ_1296537900_483406300::repaired_road::000,repaired_road,SVRDD_YOLO,train,0900220012200311132157958HJ_1296537900_483406300,svrdd::train::0900220012200311132157958HJ_1296537900_483406300,Chaoyang,data/raw/v2/svrdd/extracted/train/images/Chaoyang/0900220012200311132157958HJ_1296537900_483406300.jpg,data/processed/v2/svrdd/repaired_road_candidates/repaired_road/repaired_road_040bd094027b5e64ef209e61.jpg,"439.999,678.000,430.000,32.000","0,0,1024,1024","439.999,678.000,430.000,32.000",1024,1024,exclude_human_rejected_unique_quality,human_reviewed_rejected_unique_quality,4b843297ba3b6b72ef3e2d9455f90664c932620eb53014c10c8343790335dd9b,keep_unique_content,1,svrdd::train::0900220012200311132157958HJ_1296537900_483406300::repaired_road::000,only_crop_with_checksum,reviewed_rejected,repaired_unique_043,reject_unclear,Invisible to detect for human eye
svrdd::train::0900220012200311132224226HJ_1296568200_483441700::repaired_road::000,repaired_road,SVRDD_YOLO,train,0900220012200311132224226HJ_1296568200_483441700,svrdd::train::0900220012200311132224226HJ_1296568200_483441700,Chaoyang,data/raw/v2/svrdd/extracted/train/images/Chaoyang/0900220012200311132224226HJ_1296568200_483441700.jpg,data/processed/v2/svrdd/repaired_road_candidates/repaired_road/repaired_road_ed0798ac5fc902b8141d3c66.jpg,"565.000,582.000,172.000,194.000","408,436,893,921","157.000,146.000,172.000,194.000",485,485,exclude_human_rejected_unique_quality,human_reviewed_rejected_unique_quality,6396692a38e08274d9921ccdd8ddcba8767affb06030259b296c95774c5a1f55,keep_unique_content,1,svrdd::train::0900220012200311132224226HJ_1296568200_483441700::repaired_road::000,only_crop_with_checksum,reviewed_rejected,repaired_unique_042,reject_unclear,Because of shadow of bus it is not clear to detect the repaired road part
svrdd::train::09002200122003171152335007C_1295425000_482007300::repaired_road::002,repaired_road,SVRDD_YOLO,train,09002200122003171152335007C_1295425000_482007300,svrdd::train::09002200122003171152335007C_1295425000_482007300,Fengtai,data/raw/v2/svrdd/extracted/train/images/Fengtai/09002200122003171152335007C_1295425000_482007300.jpg,data/processed/v2/svrdd/repaired_road_candidates/repaired_road/repaired_road_990eb39cfd65bc5a5fc917e9.jpg,"1.000,724.000,243.000,48.000","0,416,608,1024","1.000,308.000,243.000,48.000",608,608,exclude_human_rejected_unique_quality,human_reviewed_rejected_unique_quality,598a5f5653d3c214d64a7d0b881bab4f041ec8623913786de8de04f13cdca43d,keep_unique_content,1,svrdd::train::09002200122003171152335007C_1295425000_482007300::repaired_road::002,only_crop_with_checksum,reviewed_rejected,repaired_unique_051,reject_unclear,Invisible to detect for human eye
