source_id,source_url,license_status,download_date,acquisition_status,intended_v2_use,original_annotation_format,v2_label_candidates,notes
SVRDD_YOLO,https://huggingface.co/datasets/ShuoZheLi/SVRDD_YOLO,"CC BY 4.0 stated on the dataset card; rechecked at acquisition",2026-09-02,"downloaded - structural audit passed","First V2 candidate for pothole, crack, manhole, and repaired-road examples","JSONL image records with YOLO-style boxes","Pothole; Crack; Manhole; Repaired_road","Downloaded train.zip (6000 images), validation.zip (1000 images), and test.zip (1000 images), plus matching metadata JSONL files. Structural audit found 8000 readable images, 20804 valid boxes, no image/metadata mismatches, and no exact duplicates across supplied splits. Label conversion, visual review, and a new V2 split are still required before use."
RDD2022_official_Figshare,https://figshare.com/articles/dataset/RDD2022_-_The_multi-national_Road_Damage_Dataset_released_through_CRDDC_2022/21431547,"CC BY 4.0 listed by the official Figshare record; recheck at acquisition",,"deferred - not downloaded","Potential later diversity source for pothole and crack examples","Pascal VOC XML boxes in the source release","Pothole; Crack","Official full archive is 12.36 GB and was throttled during attempted download. Country-specific links returned HTTP 403 during a 2026-09-01 preflight check; do not use them without a new working official access path."
N_RDD2024_official_Mendeley,https://data.mendeley.com/datasets/27c8pwsd6v/5,"CC BY 4.0 listed by the official Mendeley record; recheck at acquisition",,"deferred - not downloaded","Potential later source for ten road-condition labels","Object-detection annotations stated by source","Pothole; Crack; Manhole; Repaired_road; Road_marking","Official complete download is 6.58 GB but was throttled during attempted download. Not selected as the first V2 acquisition."
PaveBench,https://huggingface.co/datasets/VVQNN/PaveBench,"CC BY-NC-SA 4.0 listed on the dataset card; rechecked at acquisition",2026-09-06,"downloaded - structural preflight passed; crack sample review completed with exclusion warning","High-resolution candidate pool requiring individual visual review and a rebuilt duplicate-free V2 split; not accepted for training yet","COCO object-detection boxes plus source image-level class folders","Pothole; Crack; Repaired_road candidate; generic negative candidate pool","Downloaded classification and detection tasks only. Audit found 11857 readable detection images, 11857 valid COCO boxes, and no image/annotation mismatch. Found 22 exact duplicate groups across supplied detection splits, so do not use the source splits for V2 evaluation. Crack sample review completed on 2026-09-08: 16 of 36 images were clear_keep and 20 were unclear_exclude, so crack folders are not approved for automatic bulk inclusion. PaveBench has pothole, crack/alligator, patch, and negative classes; patch needs visual review before mapping to Repaired_road. Negative is not a ground-truth label for shadow, puddle, stain, marking, Normal_asphalt, or Unpaved_road. Licence is non-commercial and share-alike."
RAD_v3,https://www.kaggle.com/datasets/rohitsuresh15/radroad-anomaly-detection,"MIT listed in public Kaggle dataset metadata; checked at acquisition",2026-09-11,"rejected for current V2 use after structural audit and visual mapping review","Structural-audit reference only; no RAD image accepted into the V2 inventory","YOLO normalized object boxes","None accepted","Archive version 3 downloaded. Only the 1.92 GiB labelled image section was extracted; 5.39 GiB of raw videos was skipped. Audit found 8394 readable 1920x1080 images, matching labels, 593 UnsurfacedRoad boxes in 539 images, and 20 exact-duplicate groups crossing source splits. The 60-image review found repeated same-video scenes and a semantic mismatch: boxes can mark dirt shoulders or road edges while the main road remains asphalt. RAD is rejected for the current Unpaved_road definition."
Deep_Pavements,https://github.com/kauevestena/deep_pavements_dataset,"MIT repository licence; provider states that source images came from Wikimedia Commons, Mapillary, and Flickr under CC-compatible licences, but no per-image source URL or licence record was found in the extracted relevant files",2026-09-11,"rejected for current V2 use after preflight audit","Structural-audit reference only; no image accepted into the V2 inventory","Image-level surface-type folders","None accepted","Only asphalt, compacted, gravel, and ground were extracted: 500 images per class and 2000 total. All files are readable and no exact duplicates were found, but 1926 images are below 224 pixels on at least one side. Inspected examples are close surface-texture patches rather than complete road scenes, so they cannot establish the V2 whole-scene Unpaved_road or Normal_asphalt labels."
StreetSurfaceVis,https://zenodo.org/records/11449977,"CC-BY-SA stated on the official Zenodo record; recheck before redistribution",2026-09-13,"downloaded - structural audit and deterministic sample review passed with one unclear exclusion","Multi-class Normal_asphalt and Unpaved_road candidates only","Image-level surface and quality metadata","Normal_asphalt; Unpaved_road","The 9122-image 1024-pixel archive contains 971 normal-asphalt and 1016 unpaved-road candidates. Training eligibility requires official_train=True and both image dimensions at least 224 pixels. The completed 100-image review kept 40 of 40 sampled normal-asphalt records and 59 of 60 sampled unpaved-road records; unclear record SSV-055 is excluded. The combined inventory includes 791 normal-asphalt and 930 unpaved-road records. All official_train=False records remain outside training."
CeyMo,https://github.com/oshadajay/CeyMo,"MIT licence file in the official repository; confirm applicability to dataset-file redistribution before redistributing images",2026-09-13,"downloaded - audit passed with warnings; deduplicated and integrated","Road_marking positive-image candidates and road_marking object boxes; multi-class use requires cross-condition review","LabelMe polygon JSON; Pascal VOC-style XML boxes; PNG segmentation masks","Road_marking","Downloaded the official 2099-image train set only; the official test set was not downloaded or used. All 2099 images and masks are readable at 1920x1080, with 3488 matching polygon and XML objects. Two redundant copies were excluded before inventory integration, leaving 2097 candidate images and 3484 boxes. One subpixel polygon boundary-rounding case, one incorrect JSON imagePath value, and a BL/CL count discrepancy remain documented. See docs/V2_CEYMO_DATA_AUDIT.md, docs/V2_CEYMO_LABEL_MAPPING.md, and docs/v2_ceymo_candidate_manifest.csv."
manual_lookalike_supplement,,"Record the exact license or permission for every collected image set",,"planned - not collected","Possible supplement for remaining look-alikes and additional source diversity","Manual V2 labels required","Shadow; Puddle; Road_stain","Do not collect or use images until source, permission, and intended use are recorded. CeyMo now supplies accepted candidate coverage for Road_marking; StreetSurfaceVis supplies candidate coverage for Normal_asphalt and Unpaved_road."
